id,departure,arrival,time_departure,duration_minutes,recurrence_every_n_days,base_date,cost,distance_km
1,Москва,Санкт-Петербург,13:00:00,47,2,2026-01-01,10202,631
2,Санкт-Петербург,Москва,09:00:00,47,2,2026-01-01,11222,631
3,Москва,Санкт-Петербург,09:00:00,47,1,2026-01-01,11222,631
4,Санкт-Петербург,Москва,07:00:00,47,1,2026-01-01,9691,631
5,Москва,Санкт-Петербург,23:00:00,47,1,2026-01-01,7141,631
6,Санкт-Петербург,Москва,22:00:00,47,1,2026-01-01,8161,631
7,Москва,Санкт-Петербург,07:00:00,47,2,2026-01-01,9691,631
8,Санкт-Петербург,Москва,09:00:00,47,2,2026-01-01,11222,631
9,Москва,Казань,10:00:00,53,1,2026-01-01,13928,718
10,Казань,Москва,14:00:00,53,1,2026-01-01,11607,718
11,Москва,Казань,07:00:00,53,1,2026-01-01,11026,718
12,Казань,Москва,23:00:00,53,1,2026-01-01,8125,718
13,Москва,Самара,18:00:00,64,2,2026-01-01,16607,856
14,Самара,Москва,14:00:00,64,2,2026-01-01,13839,856
15,Москва,Самара,10:00:00,64,1,2026-01-01,16607,856
16,Самара,Москва,10:00:00,64,1,2026-01-01,16607,856
17,Москва,Самара,14:00:00,64,2,2026-01-01,13839,856
18,Самара,Москва,23:00:00,64,2,2026-01-01,9687,856
19,Москва,Самара,09:00:00,64,1,2026-01-01,15223,856
20,Самара,Москва,15:00:00,64,1,2026-01-01,13839,856
21,Москва,Уфа,10:00:00,87,2,2026-01-01,22557,1164
22,Уфа,Москва,14:00:00,87,2,2026-01-01,18798,1164
23,Москва,Волгоград,20:00:00,67,1,2026-01-01,14523,899
24,Волгоград,Москва,20:00:00,67,1,2026-01-01,14523,899
25,Москва,Волгоград,12:00:00,67,1,2026-01-01,14523,899
26,Волгоград,Москва,13:00:00,67,1,2026-01-01,14523,899
27,Москва,Волгоград,13:00:00,67,2,2026-01-01,14523,899
28,Волгоград,Москва,23:00:00,67,2,2026-01-01,10166,899
29,Москва,Саратов,14:00:00,54,2,2026-01-01,11693,724
30,Саратов,Москва,15:00:00,54,2,2026-01-01,11693,724
31,Москва,Саратов,20:00:00,54,1,2026-01-01,11693,724
32,Саратов,Москва,22:00:00,54,1,2026-01-01,9354,724
33,Москва,Саратов,07:00:00,54,1,2026-01-01,11108,724
34,Саратов,Москва,12:00:00,54,1,2026-01-01,11693,724
35,Москва,Екатеринбург,06:00:00,106,2,2026-01-01,20583,1416
36,Екатеринбург,Москва,22:00:00,106,2,2026-01-01,18296,1416
37,Москва,Екатеринбург,13:00:00,106,2,2026-01-01,22870,1416
38,Екатеринбург,Москва,20:00:00,106,2,2026-01-01,22870,1416
39,Москва,Челябинск,21:00:00,112,2,2026-01-01,21751,1496
40,Челябинск,Москва,18:00:00,112,2,2026-01-01,29002,1496
41,Москва,Челябинск,23:00:00,112,3,2026-01-01,16917,1496
42,Челябинск,Москва,13:00:00,112,3,2026-01-01,24168,1496
43,Москва,Тюмень,23:00:00,127,3,2026-01-01,19186,1697
44,Тюмень,Москва,13:00:00,127,3,2026-01-01,27409,1697
45,Москва,Омск,10:00:00,167,2,2026-01-01,43265,2232
46,Омск,Москва,06:00:00,167,2,2026-01-01,32448,2232
47,Москва,Новосибирск,06:00:00,209,1,2026-01-01,40628,2795
48,Новосибирск,Москва,08:00:00,209,1,2026-01-01,49657,2795
49,Москва,Новосибирск,21:00:00,209,3,2026-01-01,40628,2795
50,Новосибирск,Москва,11:00:00,209,3,2026-01-01,49657,2795
51,Москва,Томск,14:00:00,217,3,2026-01-01,46757,2895
52,Томск,Москва,15:00:00,217,3,2026-01-01,46757,2895
53,Москва,Томск,12:00:00,217,2,2026-01-01,46757,2895
54,Томск,Москва,21:00:00,217,2,2026-01-01,42081,2895
55,Москва,Кемерово,11:00:00,224,3,2026-01-01,53122,2990
56,Кемерово,Москва,15:00:00,224,3,2026-01-01,48293,2990
57,Москва,Барнаул,09:00:00,218,1,2026-01-01,51836,2918
58,Барнаул,Москва,19:00:00,218,1,2026-01-01,51836,2918
59,Москва,Барнаул,16:00:00,218,2,2026-01-01,47124,2918
60,Барнаул,Москва,15:00:00,218,2,2026-01-01,47124,2918
61,Москва,Красноярск,12:00:00,251,3,2026-01-01,54126,3351
62,Красноярск,Москва,09:00:00,251,3,2026-01-01,59538,3351
63,Москва,Иркутск,07:00:00,315,2,2026-01-01,64485,4203
64,Иркутск,Москва,13:00:00,315,2,2026-01-01,67879,4203
65,Москва,Улан-Удэ,07:00:00,330,2,2026-01-01,67675,4411
66,Улан-Удэ,Москва,19:00:00,330,2,2026-01-01,78361,4411
67,Москва,Чита,22:00:00,354,3,2026-01-01,61059,4726
68,Чита,Москва,16:00:00,354,3,2026-01-01,76324,4726
69,Москва,Якутск,18:00:00,366,3,2026-01-01,94585,4880
70,Якутск,Москва,16:00:00,366,3,2026-01-01,78820,4880
71,Москва,Хабаровск,15:00:00,460,2,2026-01-01,99177,6141
72,Хабаровск,Москва,20:00:00,460,2,2026-01-01,99177,6141
73,Москва,Владивосток,20:00:00,481,3,2026-01-01,103604,6415
74,Владивосток,Москва,12:00:00,481,3,2026-01-01,103604,6415
75,Москва,Южно-Сахалинск,07:00:00,498,3,2026-01-01,101891,6641
76,Южно-Сахалинск,Москва,17:00:00,498,3,2026-01-01,117979,6641
77,Москва,Сочи,14:00:00,103,3,2026-01-01,22261,1378
78,Сочи,Москва,09:00:00,103,3,2026-01-01,24488,1378
79,Москва,Сочи,11:00:00,103,3,2026-01-01,24488,1378
80,Сочи,Москва,11:00:00,103,3,2026-01-01,24488,1378
81,Москва,Краснодар,06:00:00,89,3,2026-01-01,17381,1195
82,Краснодар,Москва,18:00:00,89,3,2026-01-01,23175,1195
83,Москва,Краснодар,11:00:00,89,3,2026-01-01,21244,1195
84,Краснодар,Москва,09:00:00,89,3,2026-01-01,21244,1195
85,Москва,Ростов-на-Дону,06:00:00,71,1,2026-01-01,13908,956
86,Ростов-на-Дону,Москва,16:00:00,71,1,2026-01-01,15453,956
87,Москва,Ростов-на-Дону,21:00:00,71,1,2026-01-01,13908,956
88,Ростов-на-Дону,Москва,21:00:00,71,1,2026-01-01,13908,956
89,Москва,Ставрополь,20:00:00,91,3,2026-01-01,19786,1225
90,Ставрополь,Москва,21:00:00,91,3,2026-01-01,17808,1225
91,Москва,Ставрополь,09:00:00,91,3,2026-01-01,21765,1225
92,Ставрополь,Москва,14:00:00,91,3,2026-01-01,19786,1225
93,Москва,Минеральные Воды,13:00:00,100,2,2026-01-01,21628,1339
94,Минеральные Воды,Москва,09:00:00,100,2,2026-01-01,23791,1339
95,Москва,Минеральные Воды,21:00:00,100,1,2026-01-01,19465,1339
96,Минеральные Воды,Москва,17:00:00,100,1,2026-01-01,23791,1339
97,Москва,Махачкала,17:00:00,120,2,2026-01-01,28575,1608
98,Махачкала,Москва,06:00:00,120,2,2026-01-01,23379,1608
99,Москва,Грозный,13:00:00,111,2,2026-01-01,24081,1491
100,Грозный,Москва,23:00:00,111,2,2026-01-01,16857,1491
101,Москва,Калининград,22:00:00,80,1,2026-01-01,13934,1078
102,Калининград,Москва,23:00:00,80,1,2026-01-01,12192,1078
103,Москва,Калининград,11:00:00,80,1,2026-01-01,19160,1078
104,Калининград,Москва,11:00:00,80,1,2026-01-01,19160,1078
105,Москва,Архангельск,10:00:00,74,1,2026-01-01,19339,997
106,Архангельск,Москва,15:00:00,74,1,2026-01-01,16116,997
107,Москва,Архангельск,23:00:00,74,1,2026-01-01,11281,997
108,Архангельск,Москва,09:00:00,74,1,2026-01-01,17727,997
109,Москва,Архангельск,20:00:00,74,1,2026-01-01,16116,997
110,Архангельск,Москва,13:00:00,74,1,2026-01-01,16116,997
111,Москва,Архангельск,15:00:00,74,1,2026-01-01,16116,997
112,Архангельск,Москва,18:00:00,74,1,2026-01-01,19339,997
113,Москва,Мурманск,09:00:00,110,2,2026-01-01,26095,1469
114,Мурманск,Москва,13:00:00,110,2,2026-01-01,23723,1469
115,Москва,Мурманск,07:00:00,110,1,2026-01-01,22537,1469
116,Мурманск,Москва,15:00:00,110,1,2026-01-01,23723,1469
117,Москва,Сыктывкар,10:00:00,75,2,2026-01-01,19440,1003
118,Сыктывкар,Москва,13:00:00,75,2,2026-01-01,16200,1003
119,Санкт-Петербург,Нижний Новгород,18:00:00,66,1,2026-01-01,17204,887
120,Нижний Новгород,Санкт-Петербург,07:00:00,66,1,2026-01-01,13620,887
121,Санкт-Петербург,Нижний Новгород,09:00:00,66,2,2026-01-01,15771,887
122,Нижний Новгород,Санкт-Петербург,17:00:00,66,2,2026-01-01,15771,887
123,Санкт-Петербург,Нижний Новгород,08:00:00,66,1,2026-01-01,15771,887
124,Нижний Новгород,Санкт-Петербург,22:00:00,66,1,2026-01-01,11469,887
125,Санкт-Петербург,Нижний Новгород,14:00:00,66,2,2026-01-01,14337,887
126,Нижний Новгород,Санкт-Петербург,19:00:00,66,2,2026-01-01,15771,887
127,Санкт-Петербург,Воронеж,21:00:00,79,2,2026-01-01,15357,1056
128,Воронеж,Санкт-Петербург,20:00:00,79,2,2026-01-01,17063,1056
129,Санкт-Петербург,Воронеж,23:00:00,79,3,2026-01-01,11944,1056
130,Воронеж,Санкт-Петербург,16:00:00,79,3,2026-01-01,17063,1056
131,Санкт-Петербург,Ярославль,10:00:00,46,1,2026-01-01,12069,622
132,Ярославль,Санкт-Петербург,19:00:00,46,1,2026-01-01,11063,622
133,Санкт-Петербург,Ярославль,08:00:00,46,1,2026-01-01,11063,622
134,Ярославль,Санкт-Петербург,19:00:00,46,1,2026-01-01,11063,622
135,Санкт-Петербург,Казань,10:00:00,89,1,2026-01-01,23184,1196
136,Казань,Санкт-Петербург,17:00:00,89,1,2026-01-01,21252,1196
137,Санкт-Петербург,Самара,23:00:00,106,1,2026-01-01,16017,1416
138,Самара,Санкт-Петербург,08:00:00,106,1,2026-01-01,25170,1416
139,Санкт-Петербург,Самара,09:00:00,106,3,2026-01-01,25170,1416
140,Самара,Санкт-Петербург,10:00:00,106,3,2026-01-01,27459,1416
141,Санкт-Петербург,Уфа,06:00:00,122,3,2026-01-01,23755,1634
142,Уфа,Санкт-Петербург,23:00:00,122,3,2026-01-01,18476,1634
143,Санкт-Петербург,Волгоград,09:00:00,114,2,2026-01-01,27155,1528
144,Волгоград,Санкт-Петербург,23:00:00,114,2,2026-01-01,17281,1528
145,Санкт-Петербург,Волгоград,14:00:00,114,3,2026-01-01,24687,1528
146,Волгоград,Санкт-Петербург,18:00:00,114,3,2026-01-01,29624,1528
147,Санкт-Петербург,Саратов,12:00:00,100,1,2026-01-01,21738,1346
148,Саратов,Санкт-Петербург,14:00:00,100,1,2026-01-01,21738,1346
149,Санкт-Петербург,Екатеринбург,16:00:00,133,3,2026-01-01,28732,1779
150,Екатеринбург,Санкт-Петербург,21:00:00,133,3,2026-01-01,25859,1779
151,Санкт-Петербург,Екатеринбург,08:00:00,133,2,2026-01-01,31605,1779
152,Екатеринбург,Санкт-Петербург,22:00:00,133,2,2026-01-01,22985,1779
153,Санкт-Петербург,Челябинск,09:00:00,142,2,2026-01-01,33834,1904
154,Челябинск,Санкт-Петербург,18:00:00,142,2,2026-01-01,36910,1904
155,Санкт-Петербург,Челябинск,22:00:00,142,2,2026-01-01,24607,1904
156,Челябинск,Санкт-Петербург,07:00:00,142,2,2026-01-01,29221,1904
157,Санкт-Петербург,Тюмень,19:00:00,151,1,2026-01-01,35992,2026
158,Тюмень,Санкт-Петербург,10:00:00,151,1,2026-01-01,39264,2026
159,Санкт-Петербург,Тюмень,17:00:00,151,1,2026-01-01,35992,2026
160,Тюмень,Санкт-Петербург,06:00:00,151,1,2026-01-01,29448,2026
161,Санкт-Петербург,Омск,14:00:00,193,3,2026-01-01,41655,2579
162,Омск,Санкт-Петербург,23:00:00,193,3,2026-01-01,29158,2579
163,Санкт-Петербург,Омск,18:00:00,193,3,2026-01-01,49986,2579
164,Омск,Санкт-Петербург,19:00:00,193,3,2026-01-01,45821,2579
165,Санкт-Петербург,Новосибирск,08:00:00,231,3,2026-01-01,54871,3088
166,Новосибирск,Санкт-Петербург,06:00:00,231,3,2026-01-01,44894,3088
167,Санкт-Петербург,Томск,20:00:00,236,3,2026-01-01,50837,3148
168,Томск,Санкт-Петербург,23:00:00,236,3,2026-01-01,35586,3148
169,Санкт-Петербург,Кемерово,07:00:00,244,3,2026-01-01,50014,3260
170,Кемерово,Санкт-Петербург,22:00:00,244,3,2026-01-01,42117,3260
171,Санкт-Петербург,Барнаул,13:00:00,242,3,2026-01-01,52281,3237
172,Барнаул,Санкт-Петербург,15:00:00,242,3,2026-01-01,52281,3237
173,Санкт-Петербург,Красноярск,10:00:00,267,3,2026-01-01,69215,3571
174,Красноярск,Санкт-Петербург,21:00:00,267,3,2026-01-01,51911,3571
175,Санкт-Петербург,Иркутск,10:00:00,331,2,2026-01-01,85560,4415
176,Иркутск,Санкт-Петербург,14:00:00,331,2,2026-01-01,71300,4415
177,Санкт-Петербург,Улан-Удэ,21:00:00,345,3,2026-01-01,66999,4609
178,Улан-Удэ,Санкт-Петербург,08:00:00,345,3,2026-01-01,81888,4609
179,Санкт-Петербург,Чита,21:00:00,366,3,2026-01-01,71011,4885
180,Чита,Санкт-Петербург,17:00:00,366,3,2026-01-01,86791,4885
181,Санкт-Петербург,Якутск,06:00:00,362,2,2026-01-01,70157,4827
182,Якутск,Санкт-Петербург,21:00:00,362,2,2026-01-01,70157,4827
183,Санкт-Петербург,Хабаровск,09:00:00,464,3,2026-01-01,110023,6193
184,Хабаровск,Санкт-Петербург,14:00:00,464,3,2026-01-01,100021,6193
185,Санкт-Петербург,Владивосток,12:00:00,490,3,2026-01-01,105540,6535
186,Владивосток,Санкт-Петербург,17:00:00,490,3,2026-01-01,116094,6535
187,Санкт-Петербург,Южно-Сахалинск,19:00:00,499,3,2026-01-01,118200,6653
188,Южно-Сахалинск,Санкт-Петербург,20:00:00,499,3,2026-01-01,107455,6653
189,Санкт-Петербург,Сочи,18:00:00,145,3,2026-01-01,37666,1943
190,Сочи,Санкт-Петербург,09:00:00,145,3,2026-01-01,34527,1943
191,Санкт-Петербург,Краснодар,16:00:00,131,3,2026-01-01,28301,1752
192,Краснодар,Санкт-Петербург,12:00:00,131,3,2026-01-01,28301,1752
193,Санкт-Петербург,Краснодар,20:00:00,131,2,2026-01-01,28301,1752
194,Краснодар,Санкт-Петербург,17:00:00,131,2,2026-01-01,31131,1752
195,Санкт-Петербург,Ростов-на-Дону,12:00:00,115,3,2026-01-01,24830,1537
196,Ростов-на-Дону,Санкт-Петербург,18:00:00,115,3,2026-01-01,29797,1537
197,Санкт-Петербург,Ростов-на-Дону,11:00:00,115,3,2026-01-01,27313,1537
198,Ростов-на-Дону,Санкт-Петербург,09:00:00,115,3,2026-01-01,27313,1537
199,Санкт-Петербург,Ставрополь,19:00:00,136,2,2026-01-01,32394,1823
200,Ставрополь,Санкт-Петербург,11:00:00,136,2,2026-01-01,32394,1823
201,Санкт-Петербург,Минеральные Воды,13:00:00,145,1,2026-01-01,31378,1943
202,Минеральные Воды,Санкт-Петербург,14:00:00,145,1,2026-01-01,31378,1943
203,Санкт-Петербург,Минеральные Воды,17:00:00,145,3,2026-01-01,34516,1943
204,Минеральные Воды,Санкт-Петербург,16:00:00,145,3,2026-01-01,31378,1943
205,Санкт-Петербург,Махачкала,14:00:00,167,1,2026-01-01,36089,2234
206,Махачкала,Санкт-Петербург,20:00:00,167,1,2026-01-01,36089,2234
207,Санкт-Петербург,Махачкала,18:00:00,167,3,2026-01-01,43306,2234
208,Махачкала,Санкт-Петербург,17:00:00,167,3,2026-01-01,39697,2234
209,Санкт-Петербург,Грозный,08:00:00,158,1,2026-01-01,37488,2110
210,Грозный,Санкт-Петербург,11:00:00,158,1,2026-01-01,37488,2110
211,Санкт-Петербург,Калининград,23:00:00,60,1,2026-01-01,9142,808
212,Калининград,Санкт-Петербург,13:00:00,60,1,2026-01-01,13060,808
213,Санкт-Петербург,Калининград,19:00:00,60,1,2026-01-01,14366,808
214,Калининград,Санкт-Петербург,08:00:00,60,1,2026-01-01,14366,808
215,Санкт-Петербург,Архангельск,15:00:00,55,2,2026-01-01,12022,744
216,Архангельск,Санкт-Петербург,23:00:00,55,2,2026-01-01,8415,744
217,Санкт-Петербург,Архангельск,16:00:00,55,1,2026-01-01,12022,744
218,Архангельск,Санкт-Петербург,10:00:00,55,1,2026-01-01,14426,744
219,Санкт-Петербург,Архангельск,11:00:00,55,1,2026-01-01,13224,744
220,Архангельск,Санкт-Петербург,12:00:00,55,1,2026-01-01,12022,744
221,Санкт-Петербург,Архангельск,09:00:00,55,1,2026-01-01,13224,744
222,Архангельск,Санкт-Петербург,16:00:00,55,1,2026-01-01,12022,744
223,Санкт-Петербург,Мурманск,19:00:00,74,1,2026-01-01,17597,990
224,Мурманск,Санкт-Петербург,07:00:00,74,1,2026-01-01,15198,990
225,Санкт-Петербург,Мурманск,23:00:00,74,2,2026-01-01,11198,990
226,Мурманск,Санкт-Петербург,11:00:00,74,2,2026-01-01,17597,990
227,Санкт-Петербург,Мурманск,10:00:00,74,1,2026-01-01,19197,990
228,Мурманск,Санкт-Петербург,06:00:00,74,1,2026-01-01,14398,990
229,Санкт-Петербург,Сыктывкар,10:00:00,84,2,2026-01-01,21761,1122
230,Сыктывкар,Санкт-Петербург,17:00:00,84,2,2026-01-01,19948,1122
231,Нижний Новгород,Уфа,15:00:00,58,1,2026-01-01,12672,784
232,Уфа,Нижний Новгород,16:00:00,58,1,2026-01-01,12672,784
233,Нижний Новгород,Уфа,07:00:00,58,1,2026-01-01,12038,784
234,Уфа,Нижний Новгород,14:00:00,58,1,2026-01-01,12672,784
235,Нижний Новгород,Волгоград,16:00:00,62,1,2026-01-01,13383,828
236,Волгоград,Нижний Новгород,20:00:00,62,1,2026-01-01,13383,828
237,Нижний Новгород,Волгоград,06:00:00,62,2,2026-01-01,12044,828
238,Волгоград,Нижний Новгород,07:00:00,62,2,2026-01-01,12714,828
239,Нижний Новгород,Волгоград,22:00:00,62,2,2026-01-01,10706,828
240,Волгоград,Нижний Новгород,16:00:00,62,2,2026-01-01,13383,828
241,Нижний Новгород,Екатеринбург,21:00:00,77,2,2026-01-01,14978,1030
242,Екатеринбург,Нижний Новгород,16:00:00,77,2,2026-01-01,16642,1030
243,Нижний Новгород,Екатеринбург,13:00:00,77,1,2026-01-01,16642,1030
244,Екатеринбург,Нижний Новгород,20:00:00,77,1,2026-01-01,16642,1030
245,Нижний Новгород,Челябинск,13:00:00,83,1,2026-01-01,17926,1110
246,Челябинск,Нижний Новгород,07:00:00,83,1,2026-01-01,17029,1110
247,Нижний Новгород,Челябинск,16:00:00,83,1,2026-01-01,17926,1110
248,Челябинск,Нижний Новгород,08:00:00,83,1,2026-01-01,19718,1110
249,Нижний Новгород,Тюмень,15:00:00,98,2,2026-01-01,21211,1313
250,Тюмень,Нижний Новгород,12:00:00,98,2,2026-01-01,21211,1313
251,Нижний Новгород,Тюмень,11:00:00,98,2,2026-01-01,23332,1313
252,Тюмень,Нижний Новгород,15:00:00,98,2,2026-01-01,21211,1313
253,Нижний Новгород,Омск,14:00:00,138,3,2026-01-01,29810,1845
254,Омск,Нижний Новгород,21:00:00,138,3,2026-01-01,26829,1845
255,Нижний Новгород,Новосибирск,09:00:00,180,3,2026-01-01,42839,2411
256,Новосибирск,Нижний Новгород,14:00:00,180,3,2026-01-01,38945,2411
257,Нижний Новгород,Новосибирск,07:00:00,180,1,2026-01-01,36997,2411
258,Новосибирск,Нижний Новгород,18:00:00,180,1,2026-01-01,46734,2411
259,Нижний Новгород,Томск,06:00:00,188,2,2026-01-01,36574,2516
260,Томск,Нижний Новгород,21:00:00,188,2,2026-01-01,36574,2516
261,Нижний Новгород,Томск,17:00:00,188,1,2026-01-01,44702,2516
262,Томск,Нижний Новгород,21:00:00,188,1,2026-01-01,36574,2516
263,Нижний Новгород,Кемерово,14:00:00,195,3,2026-01-01,42131,2608
264,Кемерово,Нижний Новгород,18:00:00,195,3,2026-01-01,50557,2608
265,Нижний Новгород,Барнаул,09:00:00,189,3,2026-01-01,44979,2532
266,Барнаул,Нижний Новгород,23:00:00,189,3,2026-01-01,28623,2532
267,Нижний Новгород,Красноярск,09:00:00,223,3,2026-01-01,52875,2976
268,Красноярск,Нижний Новгород,16:00:00,223,3,2026-01-01,48068,2976
269,Нижний Новгород,Иркутск,23:00:00,287,1,2026-01-01,43265,3827
270,Иркутск,Нижний Новгород,11:00:00,287,1,2026-01-01,67988,3827
271,Нижний Новгород,Улан-Удэ,17:00:00,302,3,2026-01-01,71714,4037
272,Улан-Удэ,Нижний Новгород,19:00:00,302,3,2026-01-01,71714,4037
273,Нижний Новгород,Чита,22:00:00,326,3,2026-01-01,56312,4358
274,Чита,Нижний Новгород,21:00:00,326,3,2026-01-01,63351,4358
275,Нижний Новгород,Якутск,18:00:00,343,1,2026-01-01,88704,4577
276,Якутск,Нижний Новгород,16:00:00,343,1,2026-01-01,73920,4577
277,Нижний Новгород,Хабаровск,21:00:00,434,3,2026-01-01,84254,5796
278,Хабаровск,Нижний Новгород,08:00:00,434,3,2026-01-01,102977,5796
279,Нижний Новгород,Владивосток,20:00:00,453,2,2026-01-01,97753,6053
280,Владивосток,Нижний Новгород,17:00:00,453,2,2026-01-01,107528,6053
281,Нижний Новгород,Южно-Сахалинск,18:00:00,473,3,2026-01-01,122238,6307
282,Южно-Сахалинск,Нижний Новгород,22:00:00,473,3,2026-01-01,81492,6307
283,Нижний Новгород,Сочи,08:00:00,108,3,2026-01-01,25701,1446
284,Сочи,Нижний Новгород,10:00:00,108,3,2026-01-01,28037,1446
285,Нижний Новгород,Сочи,17:00:00,108,3,2026-01-01,25701,1446
286,Сочи,Нижний Новгород,15:00:00,108,3,2026-01-01,23364,1446
287,Нижний Новгород,Краснодар,15:00:00,96,2,2026-01-01,20824,1289
288,Краснодар,Нижний Новгород,15:00:00,96,2,2026-01-01,20824,1289
289,Нижний Новгород,Ростов-на-Дону,07:00:00,77,2,2026-01-01,15860,1033
290,Ростов-на-Дону,Нижний Новгород,19:00:00,77,2,2026-01-01,18365,1033
291,Нижний Новгород,Ростов-на-Дону,16:00:00,77,1,2026-01-01,16695,1033
292,Ростов-на-Дону,Нижний Новгород,16:00:00,77,1,2026-01-01,16695,1033
293,Нижний Новгород,Ставрополь,09:00:00,93,1,2026-01-01,22064,1242
294,Ставрополь,Нижний Новгород,12:00:00,93,1,2026-01-01,20058,1242
295,Нижний Новгород,Ставрополь,22:00:00,93,3,2026-01-01,16046,1242
296,Ставрополь,Нижний Новгород,13:00:00,93,3,2026-01-01,20058,1242
297,Нижний Новгород,Минеральные Воды,18:00:00,100,2,2026-01-01,25885,1335
298,Минеральные Воды,Нижний Новгород,13:00:00,100,2,2026-01-01,21571,1335
299,Нижний Новгород,Махачкала,21:00:00,113,1,2026-01-01,22045,1516
300,Махачкала,Нижний Новгород,10:00:00,113,1,2026-01-01,29393,1516
301,Нижний Новгород,Махачкала,16:00:00,113,1,2026-01-01,24494,1516
302,Махачкала,Нижний Новгород,11:00:00,113,1,2026-01-01,26944,1516
303,Нижний Новгород,Грозный,13:00:00,107,1,2026-01-01,23164,1434
304,Грозный,Нижний Новгород,07:00:00,107,1,2026-01-01,22006,1434
305,Нижний Новгород,Калининград,18:00:00,109,2,2026-01-01,28273,1458
306,Калининград,Нижний Новгород,15:00:00,109,2,2026-01-01,23561,1458
307,Нижний Новгород,Архангельск,17:00:00,70,2,2026-01-01,16796,945
308,Архангельск,Нижний Новгород,20:00:00,70,2,2026-01-01,15269,945
309,Нижний Новгород,Архангельск,09:00:00,70,2,2026-01-01,16796,945
310,Архангельск,Нижний Новгород,07:00:00,70,2,2026-01-01,14506,945
311,Нижний Новгород,Архангельск,10:00:00,70,1,2026-01-01,18323,945
312,Архангельск,Нижний Новгород,15:00:00,70,1,2026-01-01,15269,945
313,Нижний Новгород,Мурманск,11:00:00,112,1,2026-01-01,26660,1500
314,Мурманск,Нижний Новгород,13:00:00,112,1,2026-01-01,24236,1500
315,Нижний Новгород,Мурманск,08:00:00,112,1,2026-01-01,26660,1500
316,Мурманск,Нижний Новгород,13:00:00,112,1,2026-01-01,24236,1500
317,Нижний Новгород,Сыктывкар,13:00:00,54,1,2026-01-01,11708,725
318,Сыктывкар,Нижний Новгород,10:00:00,54,1,2026-01-01,14049,725
319,Нижний Новгород,Сыктывкар,10:00:00,54,1,2026-01-01,14049,725
320,Сыктывкар,Нижний Новгород,12:00:00,54,1,2026-01-01,11708,725
321,Воронеж,Ярославль,18:00:00,48,1,2026-01-01,12436,641
322,Ярославль,Воронеж,18:00:00,48,1,2026-01-01,12436,641
323,Воронеж,Ярославль,15:00:00,48,1,2026-01-01,10363,641
324,Ярославль,Воронеж,18:00:00,48,1,2026-01-01,12436,641
325,Воронеж,Ярославль,20:00:00,48,2,2026-01-01,10363,641
326,Ярославль,Воронеж,06:00:00,48,2,2026-01-01,9327,641
327,Воронеж,Ярославль,19:00:00,48,1,2026-01-01,11400,641
328,Ярославль,Воронеж,09:00:00,48,1,2026-01-01,11400,641
329,Воронеж,Казань,10:00:00,58,1,2026-01-01,15204,784
330,Казань,Воронеж,06:00:00,58,1,2026-01-01,11403,784
331,Воронеж,Казань,22:00:00,58,1,2026-01-01,10136,784
332,Казань,Воронеж,20:00:00,58,1,2026-01-01,12670,784
333,Воронеж,Казань,21:00:00,58,2,2026-01-01,11403,784
334,Казань,Воронеж,23:00:00,58,2,2026-01-01,8869,784
335,Воронеж,Самара,22:00:00,56,2,2026-01-01,9744,754
336,Самара,Воронеж,21:00:00,56,2,2026-01-01,10962,754
337,Воронеж,Самара,06:00:00,56,1,2026-01-01,10962,754
338,Самара,Воронеж,14:00:00,56,1,2026-01-01,12180,754
339,Воронеж,Самара,23:00:00,56,1,2026-01-01,8526,754
340,Самара,Воронеж,08:00:00,56,1,2026-01-01,13398,754
341,Воронеж,Уфа,06:00:00,86,1,2026-01-01,16673,1147
342,Уфа,Воронеж,22:00:00,86,1,2026-01-01,14820,1147
343,Воронеж,Уфа,08:00:00,86,1,2026-01-01,20378,1147
344,Уфа,Воронеж,19:00:00,86,1,2026-01-01,20378,1147
345,Воронеж,Екатеринбург,23:00:00,111,1,2026-01-01,16801,1486
346,Екатеринбург,Воронеж,20:00:00,111,1,2026-01-01,24001,1486
347,Воронеж,Челябинск,06:00:00,113,1,2026-01-01,22008,1514
348,Челябинск,Воронеж,06:00:00,113,1,2026-01-01,22008,1514
349,Воронеж,Тюмень,14:00:00,133,1,2026-01-01,28658,1774
350,Тюмень,Воронеж,11:00:00,133,1,2026-01-01,31523,1774
351,Воронеж,Омск,15:00:00,169,1,2026-01-01,36557,2263
352,Омск,Воронеж,13:00:00,169,1,2026-01-01,36557,2263
353,Воронеж,Омск,12:00:00,169,2,2026-01-01,36557,2263
354,Омск,Воронеж,18:00:00,169,2,2026-01-01,43869,2263
355,Воронеж,Новосибирск,07:00:00,213,3,2026-01-01,43762,2852
356,Новосибирск,Воронеж,20:00:00,213,3,2026-01-01,46066,2852
357,Воронеж,Томск,19:00:00,223,1,2026-01-01,52983,2982
358,Томск,Воронеж,08:00:00,223,1,2026-01-01,52983,2982
359,Воронеж,Томск,11:00:00,223,1,2026-01-01,52983,2982
360,Томск,Воронеж,19:00:00,223,1,2026-01-01,52983,2982
361,Воронеж,Кемерово,19:00:00,229,3,2026-01-01,54388,3061
362,Кемерово,Воронеж,16:00:00,229,3,2026-01-01,49443,3061
363,Воронеж,Барнаул,22:00:00,221,3,2026-01-01,38109,2949
364,Барнаул,Воронеж,08:00:00,221,3,2026-01-01,52401,2949
365,Воронеж,Красноярск,06:00:00,258,3,2026-01-01,50185,3452
366,Красноярск,Воронеж,15:00:00,258,3,2026-01-01,55762,3452
367,Воронеж,Иркутск,11:00:00,322,1,2026-01-01,76309,4295
368,Иркутск,Воронеж,16:00:00,322,1,2026-01-01,69371,4295
369,Воронеж,Улан-Удэ,12:00:00,338,3,2026-01-01,72843,4510
370,Улан-Удэ,Воронеж,08:00:00,338,3,2026-01-01,80128,4510
371,Воронеж,Чита,22:00:00,363,3,2026-01-01,62657,4849
372,Чита,Воронеж,16:00:00,363,3,2026-01-01,78322,4849
373,Воронеж,Якутск,10:00:00,385,3,2026-01-01,99599,5139
374,Якутск,Воронеж,09:00:00,385,3,2026-01-01,91299,5139
375,Воронеж,Хабаровск,17:00:00,474,3,2026-01-01,112348,6324
376,Хабаровск,Воронеж,14:00:00,474,3,2026-01-01,102135,6324
377,Воронеж,Владивосток,11:00:00,491,3,2026-01-01,116373,6551
378,Владивосток,Воронеж,06:00:00,491,3,2026-01-01,95215,6551
379,Воронеж,Южно-Сахалинск,11:00:00,513,3,2026-01-01,121623,6846
380,Южно-Сахалинск,Воронеж,06:00:00,513,3,2026-01-01,99509,6846
381,Воронеж,Сочи,07:00:00,69,1,2026-01-01,14293,931
382,Сочи,Воронеж,15:00:00,69,1,2026-01-01,15045,931
383,Воронеж,Сочи,17:00:00,69,1,2026-01-01,16550,931
384,Сочи,Воронеж,17:00:00,69,1,2026-01-01,16550,931
385,Воронеж,Сочи,13:00:00,69,2,2026-01-01,15045,931
386,Сочи,Воронеж,17:00:00,69,2,2026-01-01,16550,931
387,Воронеж,Сочи,18:00:00,69,1,2026-01-01,18054,931
388,Сочи,Воронеж,15:00:00,69,1,2026-01-01,15045,931
389,Воронеж,Краснодар,13:00:00,56,1,2026-01-01,12177,754
390,Краснодар,Воронеж,07:00:00,56,1,2026-01-01,11568,754
391,Воронеж,Краснодар,14:00:00,56,1,2026-01-01,12177,754
392,Краснодар,Воронеж,19:00:00,56,1,2026-01-01,13395,754
393,Воронеж,Краснодар,17:00:00,56,2,2026-01-01,13395,754
394,Краснодар,Воронеж,06:00:00,56,2,2026-01-01,10959,754
395,Воронеж,Краснодар,07:00:00,56,1,2026-01-01,11568,754
396,Краснодар,Воронеж,11:00:00,56,1,2026-01-01,13395,754
397,Воронеж,Ставрополь,18:00:00,58,2,2026-01-01,15020,775
398,Ставрополь,Воронеж,15:00:00,58,2,2026-01-01,12517,775
399,Воронеж,Ставрополь,14:00:00,58,2,2026-01-01,12517,775
400,Ставрополь,Воронеж,09:00:00,58,2,2026-01-01,13768,775
401,Воронеж,Ставрополь,07:00:00,58,1,2026-01-01,11891,775
402,Ставрополь,Воронеж,07:00:00,58,1,2026-01-01,11891,775
403,Воронеж,Минеральные Воды,06:00:00,66,1,2026-01-01,12947,890
404,Минеральные Воды,Воронеж,09:00:00,66,1,2026-01-01,15824,890
405,Воронеж,Минеральные Воды,09:00:00,66,1,2026-01-01,15824,890
406,Минеральные Воды,Воронеж,19:00:00,66,1,2026-01-01,15824,890
407,Воронеж,Махачкала,11:00:00,88,1,2026-01-01,21018,1183
408,Махачкала,Воронеж,21:00:00,88,1,2026-01-01,17196,1183
409,Воронеж,Грозный,17:00:00,79,2,2026-01-01,18724,1054
410,Грозный,Воронеж,13:00:00,79,2,2026-01-01,17021,1054
411,Воронеж,Калининград,16:00:00,95,3,2026-01-01,20655,1279
412,Калининград,Воронеж,14:00:00,95,3,2026-01-01,20655,1279
413,Воронеж,Калининград,19:00:00,95,2,2026-01-01,22721,1279
414,Калининград,Воронеж,07:00:00,95,2,2026-01-01,19623,1279
415,Воронеж,Архангельск,22:00:00,106,3,2026-01-01,18400,1424
416,Архангельск,Воронеж,23:00:00,106,3,2026-01-01,16100,1424
417,Воронеж,Архангельск,12:00:00,106,1,2026-01-01,23001,1424
418,Архангельск,Воронеж,11:00:00,106,1,2026-01-01,25301,1424
419,Воронеж,Мурманск,11:00:00,143,3,2026-01-01,34065,1917
420,Мурманск,Воронеж,18:00:00,143,3,2026-01-01,37161,1917
421,Воронеж,Мурманск,17:00:00,143,1,2026-01-01,34065,1917
422,Мурманск,Воронеж,09:00:00,143,1,2026-01-01,34065,1917
423,Воронеж,Сыктывкар,13:00:00,97,1,2026-01-01,20971,1298
424,Сыктывкар,Воронеж,11:00:00,97,1,2026-01-01,23068,1298
425,Воронеж,Сыктывкар,06:00:00,97,3,2026-01-01,18874,1298
426,Сыктывкар,Воронеж,12:00:00,97,3,2026-01-01,20971,1298
427,Ярославль,Самара,17:00:00,59,1,2026-01-01,14123,795
428,Самара,Ярославль,15:00:00,59,1,2026-01-01,12839,795
429,Ярославль,Самара,11:00:00,59,1,2026-01-01,14123,795
430,Самара,Ярославль,21:00:00,59,1,2026-01-01,11555,795
431,Ярославль,Уфа,22:00:00,77,1,2026-01-01,13287,1028
432,Уфа,Ярославль,06:00:00,77,1,2026-01-01,14948,1028
433,Ярославль,Уфа,16:00:00,77,2,2026-01-01,16609,1028
434,Уфа,Ярославль,06:00:00,77,2,2026-01-01,14948,1028
435,Ярославль,Волгоград,11:00:00,76,2,2026-01-01,18021,1014
436,Волгоград,Ярославль,06:00:00,76,2,2026-01-01,14745,1014
437,Ярославль,Саратов,08:00:00,57,1,2026-01-01,13616,766
438,Саратов,Ярославль,23:00:00,57,1,2026-01-01,8665,766
439,Ярославль,Саратов,10:00:00,57,1,2026-01-01,14854,766
440,Саратов,Ярославль,23:00:00,57,1,2026-01-01,8665,766
441,Ярославль,Саратов,12:00:00,57,1,2026-01-01,12379,766
442,Саратов,Ярославль,16:00:00,57,1,2026-01-01,12379,766
443,Ярославль,Екатеринбург,15:00:00,92,2,2026-01-01,19849,1229
444,Екатеринбург,Ярославль,17:00:00,92,2,2026-01-01,21834,1229
445,Ярославль,Екатеринбург,08:00:00,92,2,2026-01-01,21834,1229
446,Екатеринбург,Ярославль,16:00:00,92,2,2026-01-01,19849,1229
447,Ярославль,Челябинск,08:00:00,99,1,2026-01-01,23630,1330
448,Челябинск,Ярославль,17:00:00,99,1,2026-01-01,23630,1330
449,Ярославль,Челябинск,19:00:00,99,2,2026-01-01,23630,1330
450,Челябинск,Ярославль,22:00:00,99,2,2026-01-01,17185,1330
451,Ярославль,Тюмень,21:00:00,112,2,2026-01-01,21810,1500
452,Тюмень,Ярославль,17:00:00,112,2,2026-01-01,26657,1500
453,Ярославль,Тюмень,09:00:00,112,3,2026-01-01,26657,1500
454,Тюмень,Ярославль,08:00:00,112,3,2026-01-01,26657,1500
455,Ярославль,Омск,22:00:00,153,2,2026-01-01,26439,2046
456,Омск,Ярославль,16:00:00,153,2,2026-01-01,33049,2046
457,Ярославль,Новосибирск,11:00:00,194,2,2026-01-01,46086,2594
458,Новосибирск,Ярославль,11:00:00,194,2,2026-01-01,46086,2594
459,Ярославль,Томск,20:00:00,201,1,2026-01-01,43332,2683
460,Томск,Ярославль,14:00:00,201,1,2026-01-01,43332,2683
461,Ярославль,Кемерово,17:00:00,208,2,2026-01-01,49441,2783
462,Кемерово,Ярославль,19:00:00,208,2,2026-01-01,49441,2783
463,Ярославль,Кемерово,10:00:00,208,2,2026-01-01,53936,2783
464,Кемерово,Ярославль,13:00:00,208,2,2026-01-01,44947,2783
465,Ярославль,Барнаул,13:00:00,204,2,2026-01-01,44017,2725
466,Барнаул,Ярославль,11:00:00,204,2,2026-01-01,48418,2725
467,Ярославль,Барнаул,18:00:00,204,2,2026-01-01,52820,2725
468,Барнаул,Ярославль,08:00:00,204,2,2026-01-01,48418,2725
469,Ярославль,Красноярск,11:00:00,234,2,2026-01-01,55655,3133
470,Красноярск,Ярославль,17:00:00,234,2,2026-01-01,55655,3133
471,Ярославль,Иркутск,12:00:00,298,3,2026-01-01,64351,3984
472,Иркутск,Ярославль,22:00:00,298,3,2026-01-01,51481,3984
473,Ярославль,Улан-Удэ,18:00:00,314,2,2026-01-01,81201,4190
474,Улан-Удэ,Ярославль,22:00:00,314,2,2026-01-01,54134,4190
475,Ярославль,Чита,08:00:00,337,3,2026-01-01,79900,4497
476,Чита,Ярославль,14:00:00,337,3,2026-01-01,72636,4497
477,Ярославль,Якутск,11:00:00,347,2,2026-01-01,82219,4628
478,Якутск,Ярославль,13:00:00,347,2,2026-01-01,74745,4628
479,Ярославль,Хабаровск,16:00:00,442,3,2026-01-01,95251,5898
480,Хабаровск,Ярославль,23:00:00,442,3,2026-01-01,66675,5898
481,Ярославль,Владивосток,19:00:00,463,3,2026-01-01,109818,6182
482,Владивосток,Ярославль,20:00:00,463,3,2026-01-01,99835,6182
483,Ярославль,Южно-Сахалинск,23:00:00,479,3,2026-01-01,72286,6394
484,Южно-Сахалинск,Ярославль,22:00:00,479,3,2026-01-01,82612,6394
485,Ярославль,Сочи,07:00:00,117,2,2026-01-01,24073,1569
486,Сочи,Ярославль,13:00:00,117,2,2026-01-01,25340,1569
487,Ярославль,Краснодар,22:00:00,104,1,2026-01-01,18025,1395
488,Краснодар,Ярославль,12:00:00,104,1,2026-01-01,22531,1395
489,Ярославль,Ростов-на-Дону,16:00:00,85,1,2026-01-01,18503,1145
490,Ростов-на-Дону,Ярославль,16:00:00,85,1,2026-01-01,18503,1145
491,Ярославль,Ростов-на-Дону,22:00:00,85,2,2026-01-01,14802,1145
492,Ростов-на-Дону,Ярославль,08:00:00,85,2,2026-01-01,20353,1145
493,Ярославль,Ставрополь,14:00:00,104,2,2026-01-01,22464,1391
494,Ставрополь,Ярославль,17:00:00,104,2,2026-01-01,24710,1391
495,Ярославль,Ставрополь,17:00:00,104,2,2026-01-01,24710,1391
496,Ставрополь,Ярославль,13:00:00,104,2,2026-01-01,22464,1391
497,Ярославль,Минеральные Воды,14:00:00,112,3,2026-01-01,24168,1496
498,Минеральные Воды,Ярославль,07:00:00,112,3,2026-01-01,22960,1496
499,Ярославль,Минеральные Воды,09:00:00,112,2,2026-01-01,26585,1496
500,Минеральные Воды,Ярославль,22:00:00,112,2,2026-01-01,19335,1496
501,Ярославль,Махачкала,18:00:00,129,2,2026-01-01,33362,1721
502,Махачкала,Ярославль,18:00:00,129,2,2026-01-01,33362,1721
503,Ярославль,Махачкала,19:00:00,129,1,2026-01-01,30582,1721
504,Махачкала,Ярославль,22:00:00,129,1,2026-01-01,22241,1721
505,Ярославль,Грозный,21:00:00,121,2,2026-01-01,23583,1622
506,Грозный,Ярославль,12:00:00,121,2,2026-01-01,26204,1622
507,Ярославль,Грозный,19:00:00,121,1,2026-01-01,28824,1622
508,Грозный,Ярославль,09:00:00,121,1,2026-01-01,28824,1622
509,Ярославль,Калининград,12:00:00,93,2,2026-01-01,20034,1240
510,Калининград,Ярославль,07:00:00,93,2,2026-01-01,19032,1240
511,Ярославль,Архангельск,08:00:00,58,1,2026-01-01,13914,783
512,Архангельск,Ярославль,21:00:00,58,1,2026-01-01,11384,783
513,Ярославль,Архангельск,13:00:00,58,1,2026-01-01,12649,783
514,Архангельск,Ярославль,14:00:00,58,1,2026-01-01,12649,783
515,Ярославль,Архангельск,11:00:00,58,1,2026-01-01,13914,783
516,Архангельск,Ярославль,09:00:00,58,1,2026-01-01,13914,783
517,Ярославль,Мурманск,11:00:00,97,2,2026-01-01,23087,1299
518,Мурманск,Ярославль,15:00:00,97,2,2026-01-01,20988,1299
519,Ярославль,Мурманск,07:00:00,97,1,2026-01-01,19939,1299
520,Мурманск,Ярославль,23:00:00,97,1,2026-01-01,14691,1299
521,Ярославль,Сыктывкар,08:00:00,56,1,2026-01-01,13361,752
522,Сыктывкар,Ярославль,17:00:00,56,1,2026-01-01,13361,752
523,Ярославль,Сыктывкар,17:00:00,56,1,2026-01-01,13361,752
524,Сыктывкар,Ярославль,21:00:00,56,1,2026-01-01,10932,752
525,Казань,Волгоград,06:00:00,63,1,2026-01-01,12256,843
526,Волгоград,Казань,18:00:00,63,1,2026-01-01,16342,843
527,Казань,Волгоград,13:00:00,63,1,2026-01-01,13618,843
528,Волгоград,Казань,06:00:00,63,1,2026-01-01,12256,843
529,Казань,Екатеринбург,10:00:00,53,1,2026-01-01,13883,716
530,Екатеринбург,Казань,17:00:00,53,1,2026-01-01,12726,716
531,Казань,Екатеринбург,20:00:00,53,1,2026-01-01,11569,716
532,Екатеринбург,Казань,12:00:00,53,1,2026-01-01,11569,716
533,Казань,Екатеринбург,11:00:00,53,1,2026-01-01,12726,716
534,Екатеринбург,Казань,11:00:00,53,1,2026-01-01,12726,716
535,Казань,Челябинск,14:00:00,58,1,2026-01-01,12590,779
536,Челябинск,Казань,17:00:00,58,1,2026-01-01,13849,779
537,Казань,Челябинск,21:00:00,58,1,2026-01-01,11331,779
538,Челябинск,Казань,08:00:00,58,1,2026-01-01,13849,779
539,Казань,Тюмень,23:00:00,75,2,2026-01-01,11353,1004
540,Тюмень,Казань,11:00:00,75,2,2026-01-01,17840,1004
541,Казань,Омск,09:00:00,114,1,2026-01-01,27055,1523
542,Омск,Казань,22:00:00,114,1,2026-01-01,19677,1523
543,Казань,Новосибирск,07:00:00,157,1,2026-01-01,32187,2098
544,Новосибирск,Казань,06:00:00,157,1,2026-01-01,30493,2098
545,Казань,Новосибирск,17:00:00,157,3,2026-01-01,37269,2098
546,Новосибирск,Казань,23:00:00,157,3,2026-01-01,23717,2098
547,Казань,Томск,12:00:00,166,2,2026-01-01,35755,2214
548,Томск,Казань,13:00:00,166,2,2026-01-01,35755,2214
549,Казань,Томск,15:00:00,166,3,2026-01-01,35755,2214
550,Томск,Казань,06:00:00,166,3,2026-01-01,32180,2214
551,Казань,Кемерово,09:00:00,172,2,2026-01-01,40867,2300
552,Кемерово,Казань,17:00:00,172,2,2026-01-01,40867,2300
553,Казань,Кемерово,20:00:00,172,3,2026-01-01,37152,2300
554,Кемерово,Казань,14:00:00,172,3,2026-01-01,37152,2300
555,Казань,Барнаул,22:00:00,165,2,2026-01-01,28566,2211
556,Барнаул,Казань,06:00:00,165,2,2026-01-01,32137,2211
557,Казань,Красноярск,22:00:00,201,1,2026-01-01,34628,2680
558,Красноярск,Казань,17:00:00,201,1,2026-01-01,47613,2680
559,Казань,Иркутск,12:00:00,264,2,2026-01-01,56971,3527
560,Иркутск,Казань,16:00:00,264,2,2026-01-01,56971,3527
561,Казань,Улан-Удэ,07:00:00,280,1,2026-01-01,57385,3740
562,Улан-Удэ,Казань,17:00:00,280,1,2026-01-01,66446,3740
563,Казань,Чита,08:00:00,305,3,2026-01-01,72344,4072
564,Чита,Казань,09:00:00,305,3,2026-01-01,72344,4072
565,Казань,Якутск,11:00:00,327,3,2026-01-01,77677,4372
566,Якутск,Казань,19:00:00,327,3,2026-01-01,77677,4372
567,Казань,Хабаровск,09:00:00,415,3,2026-01-01,98411,5539
568,Хабаровск,Казань,07:00:00,415,3,2026-01-01,84991,5539
569,Казань,Владивосток,16:00:00,432,2,2026-01-01,93213,5772
570,Владивосток,Казань,07:00:00,432,2,2026-01-01,88552,5772
571,Казань,Южно-Сахалинск,18:00:00,454,3,2026-01-01,117496,6063
572,Южно-Сахалинск,Казань,14:00:00,454,3,2026-01-01,97913,6063
573,Казань,Сочи,14:00:00,113,3,2026-01-01,24540,1519
574,Сочи,Казань,09:00:00,113,3,2026-01-01,26994,1519
575,Казань,Краснодар,20:00:00,104,2,2026-01-01,22484,1392
576,Краснодар,Казань,20:00:00,104,2,2026-01-01,22484,1392
577,Казань,Краснодар,21:00:00,104,3,2026-01-01,20235,1392
578,Краснодар,Казань,06:00:00,104,3,2026-01-01,20235,1392
579,Казань,Ростов-на-Дону,21:00:00,85,1,2026-01-01,16629,1144
580,Ростов-на-Дону,Казань,23:00:00,85,1,2026-01-01,12933,1144
581,Казань,Ставрополь,17:00:00,96,1,2026-01-01,22834,1285
582,Ставрополь,Казань,12:00:00,96,1,2026-01-01,20759,1285
583,Казань,Минеральные Воды,14:00:00,101,2,2026-01-01,21882,1355
584,Минеральные Воды,Казань,16:00:00,101,2,2026-01-01,21882,1355
585,Казань,Минеральные Воды,12:00:00,101,1,2026-01-01,21882,1355
586,Минеральные Воды,Казань,14:00:00,101,1,2026-01-01,21882,1355
587,Казань,Махачкала,12:00:00,108,2,2026-01-01,23355,1446
588,Махачкала,Казань,12:00:00,108,2,2026-01-01,23355,1446
589,Казань,Грозный,08:00:00,105,2,2026-01-01,24875,1400
590,Грозный,Казань,07:00:00,105,2,2026-01-01,21483,1400
591,Казань,Грозный,20:00:00,105,1,2026-01-01,22614,1400
592,Грозный,Казань,20:00:00,105,1,2026-01-01,22614,1400
593,Казань,Калининград,13:00:00,134,1,2026-01-01,28973,1794
594,Калининград,Казань,10:00:00,134,1,2026-01-01,34767,1794
595,Казань,Калининград,12:00:00,134,2,2026-01-01,28973,1794
596,Калининград,Казань,21:00:00,134,2,2026-01-01,26075,1794
597,Казань,Архангельск,23:00:00,81,2,2026-01-01,12233,1082
598,Архангельск,Казань,16:00:00,81,2,2026-01-01,17476,1082
599,Казань,Мурманск,10:00:00,124,1,2026-01-01,32216,1662
600,Мурманск,Казань,21:00:00,124,1,2026-01-01,24162,1662
601,Казань,Сыктывкар,17:00:00,49,2,2026-01-01,11704,658
602,Сыктывкар,Казань,17:00:00,49,2,2026-01-01,11704,658
603,Казань,Сыктывкар,10:00:00,49,2,2026-01-01,12768,658
604,Сыктывкар,Казань,11:00:00,49,2,2026-01-01,11704,658
605,Казань,Сыктывкар,13:00:00,49,1,2026-01-01,10640,658
606,Сыктывкар,Казань,10:00:00,49,1,2026-01-01,12768,658
607,Казань,Сыктывкар,12:00:00,49,1,2026-01-01,10640,658
608,Сыктывкар,Казань,19:00:00,49,1,2026-01-01,11704,658
609,Самара,Волгоград,21:00:00,47,1,2026-01-01,9250,636
610,Волгоград,Самара,21:00:00,47,1,2026-01-01,9250,636
611,Самара,Волгоград,18:00:00,47,1,2026-01-01,12334,636
612,Волгоград,Самара,21:00:00,47,1,2026-01-01,9250,636
613,Самара,Екатеринбург,12:00:00,58,1,2026-01-01,12567,778
614,Екатеринбург,Самара,18:00:00,58,1,2026-01-01,15081,778
615,Самара,Екатеринбург,23:00:00,58,1,2026-01-01,8797,778
616,Екатеринбург,Самара,20:00:00,58,1,2026-01-01,12567,778
617,Самара,Екатеринбург,11:00:00,58,1,2026-01-01,13824,778
618,Екатеринбург,Самара,20:00:00,58,1,2026-01-01,12567,778
619,Самара,Челябинск,10:00:00,57,1,2026-01-01,14976,772
620,Челябинск,Самара,23:00:00,57,1,2026-01-01,8736,772
621,Самара,Челябинск,12:00:00,57,1,2026-01-01,12480,772
622,Челябинск,Самара,06:00:00,57,1,2026-01-01,11232,772
623,Самара,Челябинск,14:00:00,57,1,2026-01-01,12480,772
624,Челябинск,Самара,08:00:00,57,1,2026-01-01,13728,772
625,Самара,Тюмень,06:00:00,79,3,2026-01-01,15369,1057
626,Тюмень,Самара,08:00:00,79,3,2026-01-01,18784,1057
627,Самара,Омск,16:00:00,113,2,2026-01-01,24487,1516
628,Омск,Самара,18:00:00,113,2,2026-01-01,29384,1516
629,Самара,Новосибирск,15:00:00,158,1,2026-01-01,34059,2109
630,Новосибирск,Самара,17:00:00,158,1,2026-01-01,37465,2109
631,Самара,Новосибирск,12:00:00,158,2,2026-01-01,34059,2109
632,Новосибирск,Самара,08:00:00,158,2,2026-01-01,37465,2109
633,Самара,Томск,13:00:00,168,1,2026-01-01,36336,2250
634,Томск,Самара,08:00:00,168,1,2026-01-01,39969,2250
635,Самара,Томск,22:00:00,168,3,2026-01-01,29068,2250
636,Томск,Самара,16:00:00,168,3,2026-01-01,36336,2250
637,Самара,Кемерово,18:00:00,174,2,2026-01-01,44996,2321
638,Кемерово,Самара,21:00:00,174,2,2026-01-01,33747,2321
639,Самара,Барнаул,12:00:00,164,3,2026-01-01,35518,2199
640,Барнаул,Самара,17:00:00,164,3,2026-01-01,39070,2199
641,Самара,Красноярск,13:00:00,204,1,2026-01-01,43982,2723
642,Красноярск,Самара,08:00:00,204,1,2026-01-01,48380,2723
643,Самара,Красноярск,14:00:00,204,3,2026-01-01,43982,2723
644,Красноярск,Самара,15:00:00,204,3,2026-01-01,43982,2723
645,Самара,Иркутск,07:00:00,266,2,2026-01-01,54592,3558
646,Иркутск,Самара,08:00:00,266,2,2026-01-01,63212,3558
647,Самара,Улан-Удэ,07:00:00,283,3,2026-01-01,57923,3775
648,Улан-Удэ,Самара,12:00:00,283,3,2026-01-01,60971,3775
649,Самара,Чита,12:00:00,309,3,2026-01-01,66610,4124
650,Чита,Самара,10:00:00,309,3,2026-01-01,79932,4124
651,Самара,Якутск,06:00:00,339,2,2026-01-01,65781,4525
652,Якутск,Самара,16:00:00,339,2,2026-01-01,73090,4525
653,Самара,Хабаровск,23:00:00,422,3,2026-01-01,63647,5630
654,Хабаровск,Самара,23:00:00,422,3,2026-01-01,63647,5630
655,Самара,Владивосток,16:00:00,437,2,2026-01-01,94097,5826
656,Владивосток,Самара,22:00:00,437,2,2026-01-01,75278,5826
657,Самара,Южно-Сахалинск,11:00:00,462,3,2026-01-01,109562,6167
658,Южно-Сахалинск,Самара,22:00:00,462,3,2026-01-01,79681,6167
659,Самара,Сочи,22:00:00,98,2,2026-01-01,17018,1317
660,Сочи,Самара,11:00:00,98,2,2026-01-01,23400,1317
661,Самара,Сочи,23:00:00,98,2,2026-01-01,14891,1317
662,Сочи,Самара,12:00:00,98,2,2026-01-01,21273,1317
663,Самара,Краснодар,18:00:00,91,2,2026-01-01,23568,1216
664,Краснодар,Самара,07:00:00,91,2,2026-01-01,18658,1216
665,Самара,Ростов-на-Дону,11:00:00,73,1,2026-01-01,17520,986
666,Ростов-на-Дону,Самара,18:00:00,73,1,2026-01-01,19113,986
667,Самара,Ростов-на-Дону,15:00:00,73,1,2026-01-01,15928,986
668,Ростов-на-Дону,Самара,10:00:00,73,1,2026-01-01,19113,986
669,Самара,Ростов-на-Дону,14:00:00,73,1,2026-01-01,15928,986
670,Ростов-на-Дону,Самара,15:00:00,73,1,2026-01-01,15928,986
671,Самара,Ставрополь,11:00:00,80,2,2026-01-01,19026,1071
672,Ставрополь,Самара,12:00:00,80,2,2026-01-01,17296,1071
673,Самара,Ставрополь,18:00:00,80,1,2026-01-01,20756,1071
674,Ставрополь,Самара,23:00:00,80,1,2026-01-01,12107,1071
675,Самара,Минеральные Воды,08:00:00,84,1,2026-01-01,19949,1123
676,Минеральные Воды,Самара,23:00:00,84,1,2026-01-01,12695,1123
677,Самара,Махачкала,11:00:00,87,2,2026-01-01,20762,1168
678,Махачкала,Самара,09:00:00,87,2,2026-01-01,20762,1168
679,Самара,Махачкала,19:00:00,87,2,2026-01-01,20762,1168
680,Махачкала,Самара,17:00:00,87,2,2026-01-01,20762,1168
681,Самара,Грозный,19:00:00,85,2,2026-01-01,20227,1138
682,Грозный,Самара,14:00:00,85,2,2026-01-01,18388,1138
683,Самара,Грозный,11:00:00,85,1,2026-01-01,20227,1138
684,Грозный,Самара,17:00:00,85,1,2026-01-01,20227,1138
685,Самара,Калининград,11:00:00,144,2,2026-01-01,34188,1924
686,Калининград,Самара,09:00:00,144,2,2026-01-01,34188,1924
687,Самара,Архангельск,09:00:00,103,2,2026-01-01,24436,1375
688,Архангельск,Самара,12:00:00,103,2,2026-01-01,22214,1375
689,Самара,Архангельск,22:00:00,103,3,2026-01-01,17771,1375
690,Архангельск,Самара,12:00:00,103,3,2026-01-01,22214,1375
691,Самара,Мурманск,22:00:00,146,3,2026-01-01,25251,1954
692,Мурманск,Самара,16:00:00,146,3,2026-01-01,31564,1954
693,Самара,Мурманск,17:00:00,146,3,2026-01-01,34721,1954
694,Мурманск,Самара,16:00:00,146,3,2026-01-01,31564,1954
695,Самара,Сыктывкар,23:00:00,70,1,2026-01-01,10633,940
696,Сыктывкар,Самара,10:00:00,70,1,2026-01-01,18228,940
697,Самара,Сыктывкар,06:00:00,70,1,2026-01-01,13671,940
698,Сыктывкар,Самара,15:00:00,70,1,2026-01-01,15190,940
699,Самара,Сыктывкар,19:00:00,70,2,2026-01-01,16709,940
700,Сыктывкар,Самара,11:00:00,70,2,2026-01-01,16709,940
701,Самара,Сыктывкар,09:00:00,70,1,2026-01-01,16709,940
702,Сыктывкар,Самара,17:00:00,70,1,2026-01-01,16709,940
703,Уфа,Волгоград,11:00:00,76,1,2026-01-01,18112,1019
704,Волгоград,Уфа,10:00:00,76,1,2026-01-01,19758,1019
705,Уфа,Саратов,16:00:00,55,1,2026-01-01,11874,735
706,Саратов,Уфа,08:00:00,55,1,2026-01-01,13062,735
707,Уфа,Саратов,10:00:00,55,1,2026-01-01,14249,735
708,Саратов,Уфа,16:00:00,55,1,2026-01-01,11874,735
709,Уфа,Саратов,22:00:00,55,2,2026-01-01,9499,735
710,Саратов,Уфа,16:00:00,55,2,2026-01-01,11874,735
711,Уфа,Саратов,15:00:00,55,2,2026-01-01,11874,735
712,Саратов,Уфа,22:00:00,55,2,2026-01-01,9499,735
713,Уфа,Тюмень,13:00:00,49,1,2026-01-01,10616,657
714,Тюмень,Уфа,20:00:00,49,1,2026-01-01,10616,657
715,Уфа,Тюмень,20:00:00,49,2,2026-01-01,10616,657
716,Тюмень,Уфа,10:00:00,49,2,2026-01-01,12739,657
717,Уфа,Омск,07:00:00,83,1,2026-01-01,17131,1116
718,Омск,Уфа,17:00:00,83,1,2026-01-01,19836,1116
719,Уфа,Омск,11:00:00,83,1,2026-01-01,19836,1116
720,Омск,Уфа,09:00:00,83,1,2026-01-01,19836,1116
721,Уфа,Новосибирск,11:00:00,128,2,2026-01-01,30325,1707
722,Новосибирск,Уфа,10:00:00,128,2,2026-01-01,33082,1707
723,Уфа,Новосибирск,17:00:00,128,3,2026-01-01,30325,1707
724,Новосибирск,Уфа,12:00:00,128,3,2026-01-01,27568,1707
725,Уфа,Томск,22:00:00,138,2,2026-01-01,23845,1845
726,Томск,Уфа,10:00:00,138,2,2026-01-01,35768,1845
727,Уфа,Томск,14:00:00,138,2,2026-01-01,29807,1845
728,Томск,Уфа,07:00:00,138,2,2026-01-01,28316,1845
729,Уфа,Кемерово,12:00:00,143,3,2026-01-01,30986,1918
730,Кемерово,Уфа,23:00:00,143,3,2026-01-01,21690,1918
731,Уфа,Барнаул,16:00:00,135,3,2026-01-01,29115,1802
732,Барнаул,Уфа,11:00:00,135,3,2026-01-01,32026,1802
733,Уфа,Барнаул,11:00:00,135,2,2026-01-01,32026,1802
734,Барнаул,Уфа,23:00:00,135,2,2026-01-01,20380,1802
735,Уфа,Красноярск,08:00:00,173,3,2026-01-01,41197,2319
736,Красноярск,Уфа,22:00:00,173,3,2026-01-01,29961,2319
737,Уфа,Иркутск,15:00:00,236,3,2026-01-01,50950,3155
738,Иркутск,Уфа,23:00:00,236,3,2026-01-01,35665,3155
739,Уфа,Улан-Удэ,18:00:00,252,1,2026-01-01,65340,3371
740,Улан-Удэ,Уфа,13:00:00,252,1,2026-01-01,54450,3371
741,Уфа,Чита,21:00:00,279,3,2026-01-01,54071,3720
742,Чита,Уфа,08:00:00,279,3,2026-01-01,66087,3720
743,Уфа,Якутск,17:00:00,311,2,2026-01-01,73721,4150
744,Якутск,Уфа,11:00:00,311,2,2026-01-01,73721,4150
745,Уфа,Хабаровск,19:00:00,392,3,2026-01-01,92893,5229
746,Хабаровск,Уфа,22:00:00,392,3,2026-01-01,67558,5229
747,Уфа,Владивосток,11:00:00,406,3,2026-01-01,96324,5422
748,Владивосток,Уфа,09:00:00,406,3,2026-01-01,96324,5422
749,Уфа,Южно-Сахалинск,06:00:00,432,3,2026-01-01,83855,5769
750,Южно-Сахалинск,Уфа,22:00:00,432,3,2026-01-01,74538,5769
751,Уфа,Сочи,17:00:00,126,2,2026-01-01,29977,1687
752,Сочи,Уфа,23:00:00,126,2,2026-01-01,19076,1687
753,Уфа,Сочи,15:00:00,126,3,2026-01-01,27252,1687
754,Сочи,Уфа,18:00:00,126,3,2026-01-01,32703,1687
755,Уфа,Краснодар,08:00:00,120,2,2026-01-01,28476,1603
756,Краснодар,Уфа,13:00:00,120,2,2026-01-01,25887,1603
757,Уфа,Краснодар,11:00:00,120,2,2026-01-01,28476,1603
758,Краснодар,Уфа,11:00:00,120,2,2026-01-01,28476,1603
759,Уфа,Ростов-на-Дону,20:00:00,103,2,2026-01-01,22328,1382
760,Ростов-на-Дону,Уфа,08:00:00,103,2,2026-01-01,24561,1382
761,Уфа,Ростов-на-Дону,08:00:00,103,1,2026-01-01,24561,1382
762,Ростов-на-Дону,Уфа,08:00:00,103,1,2026-01-01,24561,1382
763,Уфа,Ставрополь,06:00:00,107,1,2026-01-01,20879,1436
764,Ставрополь,Уфа,12:00:00,107,1,2026-01-01,23199,1436
765,Уфа,Ставрополь,11:00:00,107,3,2026-01-01,25519,1436
766,Ставрополь,Уфа,16:00:00,107,3,2026-01-01,23199,1436
767,Уфа,Минеральные Воды,22:00:00,110,1,2026-01-01,19002,1470
768,Минеральные Воды,Уфа,23:00:00,110,1,2026-01-01,16626,1470
769,Уфа,Махачкала,19:00:00,107,3,2026-01-01,25509,1436
770,Махачкала,Уфа,14:00:00,107,3,2026-01-01,23190,1436
771,Уфа,Грозный,17:00:00,108,2,2026-01-01,25648,1443
772,Грозный,Уфа,15:00:00,108,2,2026-01-01,23316,1443
773,Уфа,Грозный,13:00:00,108,2,2026-01-01,23316,1443
774,Грозный,Уфа,15:00:00,108,2,2026-01-01,23316,1443
775,Уфа,Калининград,18:00:00,168,2,2026-01-01,43445,2241
776,Калининград,Уфа,13:00:00,168,2,2026-01-01,36204,2241
777,Уфа,Калининград,10:00:00,168,1,2026-01-01,43445,2241
778,Калининград,Уфа,23:00:00,168,1,2026-01-01,25343,2241
779,Уфа,Архангельск,11:00:00,104,2,2026-01-01,24831,1397
780,Архангельск,Уфа,19:00:00,104,2,2026-01-01,24831,1397
781,Уфа,Архангельск,19:00:00,104,1,2026-01-01,24831,1397
782,Архангельск,Уфа,08:00:00,104,1,2026-01-01,24831,1397
783,Уфа,Мурманск,06:00:00,147,1,2026-01-01,28660,1971
784,Мурманск,Уфа,07:00:00,147,1,2026-01-01,30252,1971
785,Уфа,Сыктывкар,20:00:00,63,1,2026-01-01,13585,841
786,Сыктывкар,Уфа,12:00:00,63,1,2026-01-01,13585,841
787,Уфа,Сыктывкар,09:00:00,63,1,2026-01-01,14944,841
788,Сыктывкар,Уфа,21:00:00,63,1,2026-01-01,12226,841
789,Уфа,Сыктывкар,07:00:00,63,1,2026-01-01,12906,841
790,Сыктывкар,Уфа,07:00:00,63,1,2026-01-01,12906,841
791,Уфа,Сыктывкар,23:00:00,63,2,2026-01-01,9509,841
792,Сыктывкар,Уфа,06:00:00,63,2,2026-01-01,12226,841
793,Волгоград,Екатеринбург,21:00:00,105,2,2026-01-01,20439,1406
794,Екатеринбург,Волгоград,20:00:00,105,2,2026-01-01,22710,1406
795,Волгоград,Екатеринбург,18:00:00,105,1,2026-01-01,27252,1406
796,Екатеринбург,Волгоград,20:00:00,105,1,2026-01-01,22710,1406
797,Волгоград,Челябинск,20:00:00,103,2,2026-01-01,22184,1373
798,Челябинск,Волгоград,10:00:00,103,2,2026-01-01,26621,1373
799,Волгоград,Челябинск,06:00:00,103,2,2026-01-01,19966,1373
800,Челябинск,Волгоград,17:00:00,103,2,2026-01-01,24403,1373
801,Волгоград,Тюмень,11:00:00,125,3,2026-01-01,29772,1675
802,Тюмень,Волгоград,11:00:00,125,3,2026-01-01,29772,1675
803,Волгоград,Тюмень,23:00:00,125,2,2026-01-01,18945,1675
804,Тюмень,Волгоград,17:00:00,125,2,2026-01-01,29772,1675
805,Волгоград,Омск,22:00:00,156,2,2026-01-01,26948,2085
806,Омск,Волгоград,15:00:00,156,2,2026-01-01,33686,2085
807,Волгоград,Новосибирск,11:00:00,201,3,2026-01-01,47621,2680
808,Новосибирск,Волгоград,11:00:00,201,3,2026-01-01,47621,2680
809,Волгоград,Томск,14:00:00,212,2,2026-01-01,45853,2839
810,Томск,Волгоград,10:00:00,212,2,2026-01-01,55024,2839
811,Волгоград,Кемерово,17:00:00,217,2,2026-01-01,51501,2899
812,Кемерово,Волгоград,14:00:00,217,2,2026-01-01,46819,2899
813,Волгоград,Кемерово,10:00:00,217,3,2026-01-01,56183,2899
814,Кемерово,Волгоград,23:00:00,217,3,2026-01-01,32773,2899
815,Волгоград,Барнаул,22:00:00,206,3,2026-01-01,35512,2748
816,Барнаул,Волгоград,19:00:00,206,3,2026-01-01,48830,2748
817,Волгоград,Барнаул,12:00:00,206,2,2026-01-01,44390,2748
818,Барнаул,Волгоград,08:00:00,206,2,2026-01-01,48830,2748
819,Волгоград,Красноярск,10:00:00,248,3,2026-01-01,64216,3313
820,Красноярск,Волгоград,08:00:00,248,3,2026-01-01,58864,3313
821,Волгоград,Иркутск,16:00:00,309,3,2026-01-01,66738,4132
822,Иркутск,Волгоград,14:00:00,309,3,2026-01-01,66738,4132
823,Волгоград,Улан-Удэ,19:00:00,326,2,2026-01-01,77314,4352
824,Улан-Удэ,Волгоград,18:00:00,326,2,2026-01-01,84342,4352
825,Волгоград,Чита,11:00:00,353,2,2026-01-01,83736,4713
826,Чита,Волгоград,07:00:00,353,2,2026-01-01,72317,4713
827,Волгоград,Якутск,21:00:00,387,3,2026-01-01,75020,5161
828,Якутск,Волгоград,17:00:00,387,3,2026-01-01,91691,5161
829,Волгоград,Хабаровск,06:00:00,468,3,2026-01-01,90723,6242
830,Хабаровск,Волгоград,09:00:00,468,3,2026-01-01,110884,6242
831,Волгоград,Владивосток,12:00:00,480,3,2026-01-01,103558,6412
832,Владивосток,Волгоград,20:00:00,480,3,2026-01-01,103558,6412
833,Волгоград,Южно-Сахалинск,08:00:00,508,3,2026-01-01,120556,6786
834,Южно-Сахалинск,Волгоград,06:00:00,508,3,2026-01-01,98637,6786
835,Волгоград,Сочи,11:00:00,51,1,2026-01-01,12127,682
836,Сочи,Волгоград,18:00:00,51,1,2026-01-01,13229,682
837,Волгоград,Сочи,13:00:00,51,1,2026-01-01,11024,682
838,Сочи,Волгоград,20:00:00,51,1,2026-01-01,11024,682
839,Волгоград,Сочи,09:00:00,51,1,2026-01-01,12127,682
840,Сочи,Волгоград,23:00:00,51,1,2026-01-01,7717,682
841,Волгоград,Сочи,06:00:00,51,1,2026-01-01,9922,682
842,Сочи,Волгоград,07:00:00,51,1,2026-01-01,10473,682
843,Волгоград,Махачкала,18:00:00,53,2,2026-01-01,13782,711
844,Махачкала,Волгоград,15:00:00,53,2,2026-01-01,11485,711
845,Волгоград,Махачкала,21:00:00,53,1,2026-01-01,10336,711
846,Махачкала,Волгоград,10:00:00,53,1,2026-01-01,13782,711
847,Волгоград,Махачкала,09:00:00,53,1,2026-01-01,12633,711
848,Махачкала,Волгоград,14:00:00,53,1,2026-01-01,11485,711
849,Волгоград,Грозный,19:00:00,45,1,2026-01-01,10819,609
850,Грозный,Волгоград,18:00:00,45,1,2026-01-01,11802,609
851,Волгоград,Грозный,21:00:00,45,1,2026-01-01,8852,609
852,Грозный,Волгоград,21:00:00,45,1,2026-01-01,8852,609
853,Волгоград,Калининград,22:00:00,131,3,2026-01-01,22695,1756
854,Калининград,Волгоград,09:00:00,131,3,2026-01-01,31206,1756
855,Волгоград,Архангельск,18:00:00,132,3,2026-01-01,34335,1771
856,Архангельск,Волгоград,11:00:00,132,3,2026-01-01,31473,1771
857,Волгоград,Архангельск,20:00:00,132,2,2026-01-01,28612,1771
858,Архангельск,Волгоград,07:00:00,132,2,2026-01-01,27181,1771
859,Волгоград,Мурманск,09:00:00,173,1,2026-01-01,41079,2312
860,Мурманск,Волгоград,23:00:00,173,1,2026-01-01,26141,2312
861,Волгоград,Сыктывкар,23:00:00,111,2,2026-01-01,16805,1486
862,Сыктывкар,Волгоград,06:00:00,111,2,2026-01-01,21607,1486
863,Волгоград,Сыктывкар,17:00:00,111,3,2026-01-01,26408,1486
864,Сыктывкар,Волгоград,20:00:00,111,3,2026-01-01,24007,1486
865,Саратов,Екатеринбург,06:00:00,83,3,2026-01-01,16132,1109
866,Екатеринбург,Саратов,13:00:00,83,3,2026-01-01,17925,1109
867,Саратов,Челябинск,11:00:00,82,2,2026-01-01,19579,1102
868,Челябинск,Саратов,23:00:00,82,2,2026-01-01,12459,1102
869,Саратов,Тюмень,16:00:00,104,2,2026-01-01,22444,1389
870,Тюмень,Саратов,18:00:00,104,2,2026-01-01,26933,1389
871,Саратов,Омск,19:00:00,137,2,2026-01-01,32681,1839
872,Омск,Саратов,20:00:00,137,2,2026-01-01,29710,1839
873,Саратов,Новосибирск,19:00:00,182,3,2026-01-01,43241,2434
874,Новосибирск,Саратов,09:00:00,182,3,2026-01-01,43241,2434
875,Саратов,Томск,09:00:00,193,3,2026-01-01,45820,2579
876,Томск,Саратов,19:00:00,193,3,2026-01-01,45820,2579
877,Саратов,Кемерово,07:00:00,198,2,2026-01-01,40635,2648
878,Кемерово,Саратов,07:00:00,198,2,2026-01-01,40635,2648
879,Саратов,Барнаул,11:00:00,188,2,2026-01-01,44736,2518
880,Барнаул,Саратов,10:00:00,188,2,2026-01-01,48803,2518
881,Саратов,Барнаул,15:00:00,188,1,2026-01-01,40669,2518
882,Барнаул,Саратов,19:00:00,188,1,2026-01-01,44736,2518
883,Саратов,Красноярск,07:00:00,228,1,2026-01-01,46842,3053
884,Красноярск,Саратов,16:00:00,228,1,2026-01-01,49308,3053
885,Саратов,Иркутск,07:00:00,291,3,2026-01-01,59608,3885
886,Иркутск,Саратов,20:00:00,291,3,2026-01-01,62746,3885
887,Саратов,Улан-Удэ,23:00:00,307,2,2026-01-01,46383,4103
888,Улан-Удэ,Саратов,17:00:00,307,2,2026-01-01,72888,4103
889,Саратов,Чита,19:00:00,334,3,2026-01-01,79134,4454
890,Чита,Саратов,18:00:00,334,3,2026-01-01,86328,4454
891,Саратов,Якутск,09:00:00,363,1,2026-01-01,86144,4849
892,Якутск,Саратов,11:00:00,363,1,2026-01-01,86144,4849
893,Саратов,Хабаровск,14:00:00,447,3,2026-01-01,96292,5962
894,Хабаровск,Саратов,22:00:00,447,3,2026-01-01,77034,5962
895,Саратов,Владивосток,23:00:00,461,3,2026-01-01,69597,6156
896,Владивосток,Саратов,20:00:00,461,3,2026-01-01,99424,6156
897,Саратов,Южно-Сахалинск,13:00:00,487,3,2026-01-01,104963,6499
898,Южно-Сахалинск,Саратов,23:00:00,487,3,2026-01-01,73474,6499
899,Саратов,Сочи,17:00:00,75,2,2026-01-01,17957,1010
900,Сочи,Саратов,08:00:00,75,2,2026-01-01,17957,1010
901,Саратов,Сочи,20:00:00,75,3,2026-01-01,16325,1010
902,Сочи,Саратов,16:00:00,75,3,2026-01-01,16325,1010
903,Саратов,Краснодар,10:00:00,67,2,2026-01-01,17330,894
904,Краснодар,Саратов,18:00:00,67,2,2026-01-01,17330,894
905,Саратов,Краснодар,06:00:00,67,1,2026-01-01,12997,894
906,Краснодар,Саратов,07:00:00,67,1,2026-01-01,13719,894
907,Саратов,Краснодар,13:00:00,67,1,2026-01-01,14442,894
908,Краснодар,Саратов,14:00:00,67,1,2026-01-01,14442,894
909,Саратов,Ростов-на-Дону,23:00:00,49,1,2026-01-01,7428,657
910,Ростов-на-Дону,Саратов,09:00:00,49,1,2026-01-01,11672,657
911,Саратов,Ростов-на-Дону,08:00:00,49,1,2026-01-01,11672,657
912,Ростов-на-Дону,Саратов,14:00:00,49,1,2026-01-01,10611,657
913,Саратов,Ставрополь,08:00:00,58,1,2026-01-01,13753,774
914,Ставрополь,Саратов,06:00:00,58,1,2026-01-01,11253,774
915,Саратов,Ставрополь,10:00:00,58,1,2026-01-01,15004,774
916,Ставрополь,Саратов,13:00:00,58,1,2026-01-01,12503,774
917,Саратов,Ставрополь,12:00:00,58,1,2026-01-01,12503,774
918,Ставрополь,Саратов,15:00:00,58,1,2026-01-01,12503,774
919,Саратов,Ставрополь,14:00:00,58,1,2026-01-01,12503,774
920,Ставрополь,Саратов,18:00:00,58,1,2026-01-01,15004,774
921,Саратов,Минеральные Воды,14:00:00,63,1,2026-01-01,13652,845
922,Минеральные Воды,Саратов,07:00:00,63,1,2026-01-01,12969,845
923,Саратов,Минеральные Воды,17:00:00,63,1,2026-01-01,15017,845
924,Минеральные Воды,Саратов,17:00:00,63,1,2026-01-01,15017,845
925,Саратов,Минеральные Воды,22:00:00,63,1,2026-01-01,10921,845
926,Минеральные Воды,Саратов,19:00:00,63,1,2026-01-01,15017,845
927,Саратов,Минеральные Воды,16:00:00,63,2,2026-01-01,13652,845
928,Минеральные Воды,Саратов,21:00:00,63,2,2026-01-01,12287,845
929,Саратов,Махачкала,17:00:00,73,2,2026-01-01,17413,980
930,Махачкала,Саратов,17:00:00,73,2,2026-01-01,17413,980
931,Саратов,Махачкала,23:00:00,73,2,2026-01-01,11081,980
932,Махачкала,Саратов,21:00:00,73,2,2026-01-01,14247,980
933,Саратов,Махачкала,21:00:00,73,1,2026-01-01,14247,980
934,Махачкала,Саратов,23:00:00,73,1,2026-01-01,11081,980
935,Саратов,Грозный,18:00:00,68,1,2026-01-01,17627,909
936,Грозный,Саратов,16:00:00,68,1,2026-01-01,14689,909
937,Саратов,Грозный,10:00:00,68,1,2026-01-01,17627,909
938,Грозный,Саратов,21:00:00,68,1,2026-01-01,13220,909
939,Саратов,Грозный,20:00:00,68,1,2026-01-01,14689,909
940,Грозный,Саратов,22:00:00,68,1,2026-01-01,11751,909
941,Саратов,Калининград,09:00:00,129,3,2026-01-01,30624,1723
942,Калининград,Саратов,23:00:00,129,3,2026-01-01,19488,1723
943,Саратов,Калининград,13:00:00,129,1,2026-01-01,27840,1723
944,Калининград,Саратов,06:00:00,129,1,2026-01-01,25056,1723
945,Саратов,Архангельск,08:00:00,111,2,2026-01-01,26319,1481
946,Архангельск,Саратов,09:00:00,111,2,2026-01-01,26319,1481
947,Саратов,Архангельск,17:00:00,111,2,2026-01-01,26319,1481
948,Архангельск,Саратов,13:00:00,111,2,2026-01-01,23926,1481
949,Саратов,Мурманск,07:00:00,153,1,2026-01-01,31299,2040
950,Мурманск,Саратов,19:00:00,153,1,2026-01-01,36241,2040
951,Саратов,Мурманск,22:00:00,153,3,2026-01-01,26357,2040
952,Мурманск,Саратов,18:00:00,153,3,2026-01-01,39536,2040
953,Саратов,Сыктывкар,22:00:00,86,2,2026-01-01,14961,1158
954,Сыктывкар,Саратов,19:00:00,86,2,2026-01-01,20572,1158
955,Саратов,Сыктывкар,18:00:00,86,1,2026-01-01,22442,1158
956,Сыктывкар,Саратов,21:00:00,86,1,2026-01-01,16831,1158
957,Екатеринбург,Омск,07:00:00,61,2,2026-01-01,12549,818
958,Омск,Екатеринбург,12:00:00,61,2,2026-01-01,13210,818
959,Екатеринбург,Омск,20:00:00,61,1,2026-01-01,13210,818
960,Омск,Екатеринбург,13:00:00,61,1,2026-01-01,13210,818
961,Екатеринбург,Новосибирск,11:00:00,103,2,2026-01-01,24561,1382
962,Новосибирск,Екатеринбург,23:00:00,103,2,2026-01-01,15629,1382
963,Екатеринбург,Томск,11:00:00,112,2,2026-01-01,26624,1498
964,Томск,Екатеринбург,13:00:00,112,2,2026-01-01,24204,1498
965,Екатеринбург,Кемерово,20:00:00,118,2,2026-01-01,25582,1584
966,Кемерово,Екатеринбург,09:00:00,118,2,2026-01-01,28141,1584
967,Екатеринбург,Кемерово,16:00:00,118,3,2026-01-01,25582,1584
968,Кемерово,Екатеринбург,06:00:00,118,3,2026-01-01,23024,1584
969,Екатеринбург,Барнаул,13:00:00,112,2,2026-01-01,24253,1501
970,Барнаул,Екатеринбург,07:00:00,112,2,2026-01-01,23040,1501
971,Екатеринбург,Барнаул,08:00:00,112,3,2026-01-01,26678,1501
972,Барнаул,Екатеринбург,19:00:00,112,3,2026-01-01,26678,1501
973,Екатеринбург,Красноярск,10:00:00,147,3,2026-01-01,38123,1967
974,Красноярск,Екатеринбург,22:00:00,147,3,2026-01-01,25415,1967
975,Екатеринбург,Красноярск,07:00:00,147,3,2026-01-01,30180,1967
976,Красноярск,Екатеринбург,07:00:00,147,3,2026-01-01,30180,1967
977,Екатеринбург,Иркутск,07:00:00,210,3,2026-01-01,43152,2812
978,Иркутск,Екатеринбург,08:00:00,210,3,2026-01-01,49965,2812
979,Екатеринбург,Улан-Удэ,17:00:00,226,3,2026-01-01,53759,3026
980,Улан-Удэ,Екатеринбург,16:00:00,226,3,2026-01-01,48872,3026
981,Екатеринбург,Чита,17:00:00,252,3,2026-01-01,59754,3363
982,Чита,Екатеринбург,07:00:00,252,3,2026-01-01,51605,3363
983,Екатеринбург,Якутск,08:00:00,282,3,2026-01-01,66799,3760
984,Якутск,Екатеринбург,20:00:00,282,3,2026-01-01,60727,3760
985,Екатеринбург,Хабаровск,15:00:00,364,3,2026-01-01,78393,4854
986,Хабаровск,Екатеринбург,06:00:00,364,3,2026-01-01,70554,4854
987,Екатеринбург,Владивосток,16:00:00,379,2,2026-01-01,81799,5065
988,Владивосток,Екатеринбург,06:00:00,379,2,2026-01-01,73619,5065
989,Екатеринбург,Южно-Сахалинск,11:00:00,404,2,2026-01-01,95742,5389
990,Южно-Сахалинск,Екатеринбург,22:00:00,404,2,2026-01-01,69630,5389
991,Екатеринбург,Сочи,07:00:00,155,3,2026-01-01,31864,2076
992,Сочи,Екатеринбург,06:00:00,155,3,2026-01-01,30187,2076
993,Екатеринбург,Краснодар,22:00:00,149,3,2026-01-01,25702,1989
994,Краснодар,Екатеринбург,13:00:00,149,3,2026-01-01,32128,1989
995,Екатеринбург,Ростов-на-Дону,17:00:00,132,1,2026-01-01,31338,1764
996,Ростов-на-Дону,Екатеринбург,10:00:00,132,1,2026-01-01,34187,1764
997,Екатеринбург,Ставрополь,14:00:00,136,2,2026-01-01,29490,1826
998,Ставрополь,Екатеринбург,21:00:00,136,2,2026-01-01,26541,1826
999,Екатеринбург,Ставрополь,21:00:00,136,1,2026-01-01,26541,1826
1000,Ставрополь,Екатеринбург,10:00:00,136,1,2026-01-01,35388,1826
1001,Екатеринбург,Минеральные Воды,15:00:00,139,1,2026-01-01,30035,1859
1002,Минеральные Воды,Екатеринбург,14:00:00,139,1,2026-01-01,30035,1859
1003,Екатеринбург,Минеральные Воды,14:00:00,139,2,2026-01-01,30035,1859
1004,Минеральные Воды,Екатеринбург,15:00:00,139,2,2026-01-01,30035,1859
1005,Екатеринбург,Махачкала,06:00:00,135,2,2026-01-01,26276,1807
1006,Махачкала,Екатеринбург,08:00:00,135,2,2026-01-01,32116,1807
1007,Екатеринбург,Грозный,18:00:00,136,1,2026-01-01,35386,1826
1008,Грозный,Екатеринбург,11:00:00,136,1,2026-01-01,32437,1826
1009,Екатеринбург,Грозный,16:00:00,136,2,2026-01-01,29488,1826
1010,Грозный,Екатеринбург,08:00:00,136,2,2026-01-01,32437,1826
1011,Екатеринбург,Калининград,10:00:00,185,3,2026-01-01,47859,2469
1012,Калининград,Екатеринбург,10:00:00,185,3,2026-01-01,47859,2469
1013,Екатеринбург,Архангельск,08:00:00,102,1,2026-01-01,24395,1373
1014,Архангельск,Екатеринбург,15:00:00,102,1,2026-01-01,22178,1373
1015,Екатеринбург,Архангельск,23:00:00,102,1,2026-01-01,15524,1373
1016,Архангельск,Екатеринбург,17:00:00,102,1,2026-01-01,24395,1373
1017,Екатеринбург,Мурманск,09:00:00,143,1,2026-01-01,33916,1909
1018,Мурманск,Екатеринбург,09:00:00,143,1,2026-01-01,33916,1909
1019,Екатеринбург,Мурманск,10:00:00,143,3,2026-01-01,36999,1909
1020,Мурманск,Екатеринбург,18:00:00,143,3,2026-01-01,36999,1909
1021,Екатеринбург,Сыктывкар,11:00:00,57,2,2026-01-01,13657,768
1022,Сыктывкар,Екатеринбург,22:00:00,57,2,2026-01-01,9932,768
1023,Екатеринбург,Сыктывкар,09:00:00,57,1,2026-01-01,13657,768
1024,Сыктывкар,Екатеринбург,12:00:00,57,1,2026-01-01,12416,768
1025,Екатеринбург,Сыктывкар,20:00:00,57,1,2026-01-01,12416,768
1026,Сыктывкар,Екатеринбург,09:00:00,57,1,2026-01-01,13657,768
1027,Челябинск,Омск,07:00:00,56,1,2026-01-01,11514,750
1028,Омск,Челябинск,10:00:00,56,1,2026-01-01,14544,750
1029,Челябинск,Омск,11:00:00,56,2,2026-01-01,13332,750
1030,Омск,Челябинск,08:00:00,56,2,2026-01-01,13332,750
1031,Челябинск,Омск,19:00:00,56,1,2026-01-01,13332,750
1032,Омск,Челябинск,19:00:00,56,1,2026-01-01,13332,750
1033,Челябинск,Омск,10:00:00,56,1,2026-01-01,14544,750
1034,Омск,Челябинск,23:00:00,56,1,2026-01-01,8484,750
1035,Челябинск,Новосибирск,21:00:00,100,2,2026-01-01,19456,1338
1036,Новосибирск,Челябинск,08:00:00,100,2,2026-01-01,23779,1338
1037,Челябинск,Томск,15:00:00,110,2,2026-01-01,23858,1477
1038,Томск,Челябинск,11:00:00,110,2,2026-01-01,26244,1477
1039,Челябинск,Томск,09:00:00,110,1,2026-01-01,26244,1477
1040,Томск,Челябинск,21:00:00,110,1,2026-01-01,21472,1477
1041,Челябинск,Кемерово,08:00:00,116,2,2026-01-01,27530,1549
1042,Кемерово,Челябинск,16:00:00,116,2,2026-01-01,25027,1549
1043,Челябинск,Кемерово,22:00:00,116,3,2026-01-01,20022,1549
1044,Кемерово,Челябинск,19:00:00,116,3,2026-01-01,27530,1549
1045,Челябинск,Барнаул,22:00:00,107,1,2026-01-01,18585,1438
1046,Барнаул,Челябинск,07:00:00,107,1,2026-01-01,22070,1438
1047,Челябинск,Барнаул,18:00:00,107,1,2026-01-01,27878,1438
1048,Барнаул,Челябинск,09:00:00,107,1,2026-01-01,25555,1438
1049,Челябинск,Красноярск,18:00:00,146,1,2026-01-01,37811,1951
1050,Красноярск,Челябинск,07:00:00,146,1,2026-01-01,29933,1951
1051,Челябинск,Иркутск,10:00:00,208,1,2026-01-01,53989,2786
1052,Иркутск,Челябинск,07:00:00,208,1,2026-01-01,42741,2786
1053,Челябинск,Иркутск,13:00:00,208,2,2026-01-01,44991,2786
1054,Иркутск,Челябинск,21:00:00,208,2,2026-01-01,40492,2786
1055,Челябинск,Улан-Удэ,09:00:00,225,3,2026-01-01,53342,3002
1056,Улан-Удэ,Челябинск,17:00:00,225,3,2026-01-01,53342,3002
1057,Челябинск,Чита,16:00:00,251,3,2026-01-01,54141,3352
1058,Чита,Челябинск,18:00:00,251,3,2026-01-01,64969,3352
1059,Челябинск,Якутск,17:00:00,286,3,2026-01-01,67925,3823
1060,Якутск,Челябинск,08:00:00,286,3,2026-01-01,67925,3823
1061,Челябинск,Хабаровск,07:00:00,365,2,2026-01-01,74693,4868
1062,Хабаровск,Челябинск,12:00:00,365,2,2026-01-01,78624,4868
1063,Челябинск,Владивосток,16:00:00,379,2,2026-01-01,81626,5054
1064,Владивосток,Челябинск,19:00:00,379,2,2026-01-01,89788,5054
1065,Челябинск,Южно-Сахалинск,11:00:00,405,3,2026-01-01,96158,5413
1066,Южно-Сахалинск,Челябинск,08:00:00,405,3,2026-01-01,96158,5413
1067,Челябинск,Сочи,23:00:00,152,3,2026-01-01,22919,2027
1068,Сочи,Челябинск,20:00:00,152,3,2026-01-01,32741,2027
1069,Челябинск,Сочи,22:00:00,152,3,2026-01-01,26193,2027
1070,Сочи,Челябинск,12:00:00,152,3,2026-01-01,32741,2027
1071,Челябинск,Краснодар,12:00:00,146,2,2026-01-01,31578,1955
1072,Краснодар,Челябинск,20:00:00,146,2,2026-01-01,31578,1955
1073,Челябинск,Ростов-на-Дону,06:00:00,130,2,2026-01-01,25331,1742
1074,Ростов-на-Дону,Челябинск,12:00:00,130,2,2026-01-01,28146,1742
1075,Челябинск,Ростов-на-Дону,13:00:00,130,1,2026-01-01,28146,1742
1076,Ростов-на-Дону,Челябинск,15:00:00,130,1,2026-01-01,28146,1742
1077,Челябинск,Ставрополь,19:00:00,133,3,2026-01-01,31539,1775
1078,Ставрополь,Челябинск,11:00:00,133,3,2026-01-01,31539,1775
1079,Челябинск,Ставрополь,21:00:00,133,2,2026-01-01,25804,1775
1080,Ставрополь,Челябинск,20:00:00,133,2,2026-01-01,28671,1775
1081,Челябинск,Минеральные Воды,21:00:00,134,1,2026-01-01,26127,1797
1082,Минеральные Воды,Челябинск,22:00:00,134,1,2026-01-01,23224,1797
1083,Челябинск,Минеральные Воды,13:00:00,134,1,2026-01-01,29030,1797
1084,Минеральные Воды,Челябинск,13:00:00,134,1,2026-01-01,29030,1797
1085,Челябинск,Махачкала,21:00:00,128,2,2026-01-01,24852,1709
1086,Махачкала,Челябинск,15:00:00,128,2,2026-01-01,27614,1709
1087,Челябинск,Грозный,15:00:00,130,2,2026-01-01,28148,1743
1088,Грозный,Челябинск,22:00:00,130,2,2026-01-01,22518,1743
1089,Челябинск,Калининград,07:00:00,192,1,2026-01-01,39360,2565
1090,Калининград,Челябинск,11:00:00,192,1,2026-01-01,45575,2565
1091,Челябинск,Архангельск,15:00:00,115,1,2026-01-01,24847,1538
1092,Архангельск,Челябинск,09:00:00,115,1,2026-01-01,27331,1538
1093,Челябинск,Архангельск,08:00:00,115,3,2026-01-01,27331,1538
1094,Архангельск,Челябинск,14:00:00,115,3,2026-01-01,24847,1538
1095,Челябинск,Мурманск,23:00:00,156,3,2026-01-01,23537,2082
1096,Мурманск,Челябинск,16:00:00,156,3,2026-01-01,33625,2082
1097,Челябинск,Сыктывкар,08:00:00,70,1,2026-01-01,16634,936
1098,Сыктывкар,Челябинск,23:00:00,70,1,2026-01-01,10585,936
1099,Челябинск,Сыктывкар,22:00:00,70,1,2026-01-01,12097,936
1100,Сыктывкар,Челябинск,19:00:00,70,1,2026-01-01,16634,936
1101,Тюмень,Новосибирск,17:00:00,82,3,2026-01-01,19508,1098
1102,Новосибирск,Тюмень,16:00:00,82,3,2026-01-01,17735,1098
1103,Тюмень,Томск,11:00:00,90,2,2026-01-01,21497,1210
1104,Томск,Тюмень,10:00:00,90,2,2026-01-01,23451,1210
1105,Тюмень,Кемерово,08:00:00,97,2,2026-01-01,23038,1296
1106,Кемерово,Тюмень,17:00:00,97,2,2026-01-01,23038,1296
1107,Тюмень,Кемерово,07:00:00,97,3,2026-01-01,19896,1296
1108,Кемерово,Тюмень,09:00:00,97,3,2026-01-01,23038,1296
1109,Тюмень,Барнаул,19:00:00,91,2,2026-01-01,21761,1225
1110,Барнаул,Тюмень,14:00:00,91,2,2026-01-01,19783,1225
1111,Тюмень,Красноярск,08:00:00,125,2,2026-01-01,29818,1678
1112,Красноярск,Тюмень,08:00:00,125,2,2026-01-01,29818,1678
1113,Тюмень,Иркутск,11:00:00,189,3,2026-01-01,44838,2524
1114,Иркутск,Тюмень,19:00:00,189,3,2026-01-01,44838,2524
1115,Тюмень,Улан-Удэ,09:00:00,205,3,2026-01-01,48630,2737
1116,Улан-Удэ,Тюмень,10:00:00,205,3,2026-01-01,53051,2737
1117,Тюмень,Улан-Удэ,22:00:00,205,2,2026-01-01,35367,2737
1118,Улан-Удэ,Тюмень,11:00:00,205,2,2026-01-01,48630,2737
1119,Тюмень,Чита,17:00:00,230,3,2026-01-01,54638,3075
1120,Чита,Тюмень,17:00:00,230,3,2026-01-01,54638,3075
1121,Тюмень,Якутск,20:00:00,263,2,2026-01-01,56666,3508
1122,Якутск,Тюмень,15:00:00,263,2,2026-01-01,56666,3508
1123,Тюмень,Хабаровск,07:00:00,342,2,2026-01-01,70156,4572
1124,Хабаровск,Тюмень,12:00:00,342,2,2026-01-01,73849,4572
1125,Тюмень,Владивосток,17:00:00,358,2,2026-01-01,84867,4777
1126,Владивосток,Тюмень,08:00:00,358,2,2026-01-01,84867,4777
1127,Тюмень,Южно-Сахалинск,18:00:00,383,3,2026-01-01,99068,5112
1128,Южно-Сахалинск,Тюмень,16:00:00,383,3,2026-01-01,82556,5112
1129,Тюмень,Сочи,10:00:00,175,3,2026-01-01,45295,2337
1130,Сочи,Тюмень,21:00:00,175,3,2026-01-01,33971,2337
1131,Тюмень,Сочи,18:00:00,175,3,2026-01-01,45295,2337
1132,Сочи,Тюмень,23:00:00,175,3,2026-01-01,26422,2337
1133,Тюмень,Краснодар,19:00:00,169,1,2026-01-01,40132,2259
1134,Краснодар,Тюмень,08:00:00,169,1,2026-01-01,40132,2259
1135,Тюмень,Ростов-на-Дону,06:00:00,152,3,2026-01-01,29649,2039
1136,Ростов-на-Дону,Тюмень,12:00:00,152,3,2026-01-01,32943,2039
1137,Тюмень,Ростов-на-Дону,17:00:00,152,3,2026-01-01,36237,2039
1138,Ростов-на-Дону,Тюмень,21:00:00,152,3,2026-01-01,29649,2039
1139,Тюмень,Ставрополь,16:00:00,156,3,2026-01-01,33678,2085
1140,Ставрополь,Тюмень,09:00:00,156,3,2026-01-01,37046,2085
1141,Тюмень,Ставрополь,20:00:00,156,1,2026-01-01,33678,2085
1142,Ставрополь,Тюмень,23:00:00,156,1,2026-01-01,23574,2085
1143,Тюмень,Минеральные Воды,10:00:00,158,2,2026-01-01,40904,2110
1144,Минеральные Воды,Тюмень,20:00:00,158,2,2026-01-01,34086,2110
1145,Тюмень,Минеральные Воды,23:00:00,158,3,2026-01-01,23860,2110
1146,Минеральные Воды,Тюмень,20:00:00,158,3,2026-01-01,34086,2110
1147,Тюмень,Махачкала,08:00:00,151,1,2026-01-01,35959,2024
1148,Махачкала,Тюмень,22:00:00,151,1,2026-01-01,26152,2024
1149,Тюмень,Грозный,23:00:00,154,3,2026-01-01,23270,2058
1150,Грозный,Тюмень,23:00:00,154,3,2026-01-01,23270,2058
1151,Тюмень,Грозный,20:00:00,154,3,2026-01-01,33243,2058
1152,Грозный,Тюмень,18:00:00,154,3,2026-01-01,39891,2058
1153,Тюмень,Калининград,14:00:00,205,3,2026-01-01,44246,2739
1154,Калининград,Тюмень,19:00:00,205,3,2026-01-01,48670,2739
1155,Тюмень,Архангельск,15:00:00,116,1,2026-01-01,25036,1550
1156,Архангельск,Тюмень,07:00:00,116,1,2026-01-01,23784,1550
1157,Тюмень,Архангельск,20:00:00,116,2,2026-01-01,25036,1550
1158,Архангельск,Тюмень,13:00:00,116,2,2026-01-01,25036,1550
1159,Тюмень,Мурманск,12:00:00,153,1,2026-01-01,33080,2048
1160,Мурманск,Тюмень,10:00:00,153,1,2026-01-01,39696,2048
1161,Тюмень,Мурманск,18:00:00,153,3,2026-01-01,39696,2048
1162,Мурманск,Тюмень,15:00:00,153,3,2026-01-01,33080,2048
1163,Тюмень,Сыктывкар,12:00:00,71,1,2026-01-01,15411,954
1164,Сыктывкар,Тюмень,22:00:00,71,1,2026-01-01,12329,954
1165,Тюмень,Сыктывкар,18:00:00,71,1,2026-01-01,18494,954
1166,Сыктывкар,Тюмень,14:00:00,71,1,2026-01-01,15411,954
1167,Тюмень,Сыктывкар,09:00:00,71,1,2026-01-01,16953,954
1168,Сыктывкар,Тюмень,09:00:00,71,1,2026-01-01,16953,954
1169,Тюмень,Сыктывкар,21:00:00,71,1,2026-01-01,13870,954
1170,Сыктывкар,Тюмень,09:00:00,71,1,2026-01-01,16953,954
1171,Омск,Томск,22:00:00,57,1,2026-01-01,9836,761
1172,Томск,Омск,15:00:00,57,1,2026-01-01,12295,761
1173,Омск,Томск,14:00:00,57,1,2026-01-01,12295,761
1174,Томск,Омск,09:00:00,57,1,2026-01-01,13524,761
1175,Омск,Томск,06:00:00,57,1,2026-01-01,11065,761
1176,Томск,Омск,07:00:00,57,1,2026-01-01,11680,761
1177,Омск,Кемерово,10:00:00,60,1,2026-01-01,15760,813
1178,Кемерово,Омск,18:00:00,60,1,2026-01-01,15760,813
1179,Омск,Кемерово,15:00:00,60,1,2026-01-01,13133,813
1180,Кемерово,Омск,16:00:00,60,1,2026-01-01,13133,813
1181,Омск,Кемерово,07:00:00,60,2,2026-01-01,12477,813
1182,Кемерово,Омск,06:00:00,60,2,2026-01-01,11820,813
1183,Омск,Барнаул,17:00:00,51,1,2026-01-01,12231,688
1184,Барнаул,Омск,09:00:00,51,1,2026-01-01,12231,688
1185,Омск,Барнаул,14:00:00,51,1,2026-01-01,11119,688
1186,Барнаул,Омск,15:00:00,51,1,2026-01-01,11119,688
1187,Омск,Барнаул,16:00:00,51,1,2026-01-01,11119,688
1188,Барнаул,Омск,21:00:00,51,1,2026-01-01,10007,688
1189,Омск,Красноярск,23:00:00,92,2,2026-01-01,13931,1232
1190,Красноярск,Омск,13:00:00,92,2,2026-01-01,19902,1232
1191,Омск,Красноярск,07:00:00,92,3,2026-01-01,18907,1232
1192,Красноярск,Омск,11:00:00,92,3,2026-01-01,21892,1232
1193,Омск,Иркутск,15:00:00,153,2,2026-01-01,33072,2047
1194,Иркутск,Омск,19:00:00,153,2,2026-01-01,36379,2047
1195,Омск,Иркутск,14:00:00,153,1,2026-01-01,33072,2047
1196,Иркутск,Омск,12:00:00,153,1,2026-01-01,33072,2047
1197,Омск,Улан-Удэ,11:00:00,170,3,2026-01-01,40270,2266
1198,Улан-Удэ,Омск,09:00:00,170,3,2026-01-01,40270,2266
1199,Омск,Улан-Удэ,22:00:00,170,3,2026-01-01,29287,2266
1200,Улан-Удэ,Омск,09:00:00,170,3,2026-01-01,40270,2266
1201,Омск,Чита,11:00:00,197,2,2026-01-01,46699,2628
1202,Чита,Омск,19:00:00,197,2,2026-01-01,46699,2628
1203,Омск,Якутск,19:00:00,244,1,2026-01-01,57880,3258
1204,Якутск,Омск,08:00:00,244,1,2026-01-01,57880,3258
1205,Омск,Хабаровск,12:00:00,313,3,2026-01-01,67447,4176
1206,Хабаровск,Омск,06:00:00,313,3,2026-01-01,60702,4176
1207,Омск,Владивосток,22:00:00,324,3,2026-01-01,55898,4326
1208,Владивосток,Омск,14:00:00,324,3,2026-01-01,69872,4326
1209,Омск,Южно-Сахалинск,14:00:00,355,3,2026-01-01,76474,4735
1210,Южно-Сахалинск,Омск,09:00:00,355,3,2026-01-01,84121,4735
1211,Омск,Сочи,22:00:00,202,3,2026-01-01,34944,2704
1212,Сочи,Омск,13:00:00,202,3,2026-01-01,43680,2704
1213,Омск,Краснодар,23:00:00,199,2,2026-01-01,30033,2656
1214,Краснодар,Омск,09:00:00,199,2,2026-01-01,47195,2656
1215,Омск,Ростов-на-Дону,22:00:00,184,2,2026-01-01,31803,2461
1216,Ростов-на-Дону,Омск,14:00:00,184,2,2026-01-01,39754,2461
1217,Омск,Ставрополь,11:00:00,184,2,2026-01-01,43617,2455
1218,Ставрополь,Омск,21:00:00,184,2,2026-01-01,35687,2455
1219,Омск,Минеральные Воды,08:00:00,184,1,2026-01-01,43649,2457
1220,Минеральные Воды,Омск,07:00:00,184,1,2026-01-01,37697,2457
1221,Омск,Махачкала,14:00:00,171,2,2026-01-01,36986,2290
1222,Махачкала,Омск,07:00:00,171,2,2026-01-01,35136,2290
1223,Омск,Махачкала,21:00:00,171,2,2026-01-01,33287,2290
1224,Махачкала,Омск,18:00:00,171,2,2026-01-01,44383,2290
1225,Омск,Грозный,09:00:00,177,1,2026-01-01,41934,2360
1226,Грозный,Омск,17:00:00,177,1,2026-01-01,41934,2360
1227,Омск,Грозный,20:00:00,177,2,2026-01-01,38122,2360
1228,Грозный,Омск,16:00:00,177,2,2026-01-01,38122,2360
1229,Омск,Калининград,15:00:00,246,2,2026-01-01,53082,3287
1230,Калининград,Омск,18:00:00,246,2,2026-01-01,63699,3287
1231,Омск,Архангельск,16:00:00,156,1,2026-01-01,33607,2081
1232,Архангельск,Омск,23:00:00,156,1,2026-01-01,23525,2081
1233,Омск,Мурманск,19:00:00,191,2,2026-01-01,45242,2546
1234,Мурманск,Омск,09:00:00,191,2,2026-01-01,45242,2546
1235,Омск,Сыктывкар,16:00:00,112,1,2026-01-01,24174,1496
1236,Сыктывкар,Омск,16:00:00,112,1,2026-01-01,24174,1496
1237,Новосибирск,Красноярск,22:00:00,48,1,2026-01-01,8413,651
1238,Красноярск,Новосибирск,18:00:00,48,1,2026-01-01,12620,651
1239,Новосибирск,Красноярск,18:00:00,48,1,2026-01-01,12620,651
1240,Красноярск,Новосибирск,16:00:00,48,1,2026-01-01,10516,651
1241,Новосибирск,Красноярск,14:00:00,48,1,2026-01-01,10516,651
1242,Красноярск,Новосибирск,21:00:00,48,1,2026-01-01,9465,651
1243,Новосибирск,Красноярск,11:00:00,48,1,2026-01-01,11568,651
1244,Красноярск,Новосибирск,09:00:00,48,1,2026-01-01,11568,651
1245,Новосибирск,Иркутск,14:00:00,108,1,2026-01-01,23456,1452
1246,Иркутск,Новосибирск,16:00:00,108,1,2026-01-01,23456,1452
1247,Новосибирск,Улан-Удэ,13:00:00,125,2,2026-01-01,26995,1671
1248,Улан-Удэ,Новосибирск,07:00:00,125,2,2026-01-01,25645,1671
1249,Новосибирск,Улан-Удэ,14:00:00,125,2,2026-01-01,26995,1671
1250,Улан-Удэ,Новосибирск,07:00:00,125,2,2026-01-01,25645,1671
1251,Новосибирск,Чита,22:00:00,152,1,2026-01-01,26311,2036
1252,Чита,Новосибирск,16:00:00,152,1,2026-01-01,32889,2036
1253,Новосибирск,Чита,08:00:00,152,3,2026-01-01,36178,2036
1254,Чита,Новосибирск,11:00:00,152,3,2026-01-01,36178,2036
1255,Новосибирск,Якутск,19:00:00,208,1,2026-01-01,49298,2775
1256,Якутск,Новосибирск,15:00:00,208,1,2026-01-01,44816,2775
1257,Новосибирск,Якутск,06:00:00,208,3,2026-01-01,40335,2775
1258,Якутск,Новосибирск,10:00:00,208,3,2026-01-01,53780,2775
1259,Новосибирск,Хабаровск,18:00:00,269,3,2026-01-01,69700,3596
1260,Хабаровск,Новосибирск,13:00:00,269,3,2026-01-01,58083,3596
1261,Новосибирск,Владивосток,21:00:00,279,3,2026-01-01,54245,3732
1262,Владивосток,Новосибирск,12:00:00,279,3,2026-01-01,60272,3732
1263,Новосибирск,Южно-Сахалинск,20:00:00,312,3,2026-01-01,67219,4162
1264,Южно-Сахалинск,Новосибирск,10:00:00,312,3,2026-01-01,80663,4162
1265,Новосибирск,Сочи,20:00:00,246,2,2026-01-01,53175,3292
1266,Сочи,Новосибирск,17:00:00,246,2,2026-01-01,58492,3292
1267,Новосибирск,Краснодар,20:00:00,243,3,2026-01-01,52478,3249
1268,Краснодар,Новосибирск,06:00:00,243,3,2026-01-01,47231,3249
1269,Новосибирск,Ростов-на-Дону,14:00:00,229,3,2026-01-01,49365,3056
1270,Ростов-на-Дону,Новосибирск,10:00:00,229,3,2026-01-01,59238,3056
1271,Новосибирск,Ставрополь,18:00:00,228,2,2026-01-01,59001,3044
1272,Ставрополь,Новосибирск,10:00:00,228,2,2026-01-01,59001,3044
1273,Новосибирск,Минеральные Воды,18:00:00,228,1,2026-01-01,58945,3041
1274,Минеральные Воды,Новосибирск,16:00:00,228,1,2026-01-01,49121,3041
1275,Новосибирск,Махачкала,11:00:00,214,1,2026-01-01,50686,2853
1276,Махачкала,Новосибирск,18:00:00,214,1,2026-01-01,55294,2853
1277,Новосибирск,Махачкала,06:00:00,214,1,2026-01-01,41471,2853
1278,Махачкала,Новосибирск,13:00:00,214,1,2026-01-01,46079,2853
1279,Новосибирск,Грозный,12:00:00,220,3,2026-01-01,47388,2934
1280,Грозный,Новосибирск,11:00:00,220,3,2026-01-01,52126,2934
1281,Новосибирск,Калининград,11:00:00,287,2,2026-01-01,68024,3829
1282,Калининград,Новосибирск,19:00:00,287,2,2026-01-01,68024,3829
1283,Новосибирск,Архангельск,20:00:00,188,1,2026-01-01,40626,2515
1284,Архангельск,Новосибирск,12:00:00,188,1,2026-01-01,40626,2515
1285,Новосибирск,Мурманск,21:00:00,218,3,2026-01-01,42311,2911
1286,Мурманск,Новосибирск,20:00:00,218,3,2026-01-01,47012,2911
1287,Новосибирск,Мурманск,13:00:00,218,1,2026-01-01,47012,2911
1288,Мурманск,Новосибирск,08:00:00,218,1,2026-01-01,51713,2911
1289,Новосибирск,Сыктывкар,23:00:00,148,3,2026-01-01,22307,1973
1290,Сыктывкар,Новосибирск,13:00:00,148,3,2026-01-01,31867,1973
1291,Томск,Иркутск,17:00:00,98,3,2026-01-01,23340,1313
1292,Иркутск,Томск,13:00:00,98,3,2026-01-01,21218,1313
1293,Томск,Иркутск,19:00:00,98,1,2026-01-01,23340,1313
1294,Иркутск,Томск,15:00:00,98,1,2026-01-01,21218,1313
1295,Томск,Улан-Удэ,16:00:00,114,2,2026-01-01,24677,1528
1296,Улан-Удэ,Томск,06:00:00,114,2,2026-01-01,22209,1528
1297,Томск,Улан-Удэ,11:00:00,114,2,2026-01-01,27144,1528
1298,Улан-Удэ,Томск,21:00:00,114,2,2026-01-01,22209,1528
1299,Томск,Чита,17:00:00,140,2,2026-01-01,33322,1875
1300,Чита,Томск,07:00:00,140,2,2026-01-01,28778,1875
1301,Томск,Чита,15:00:00,140,2,2026-01-01,30293,1875
1302,Чита,Томск,14:00:00,140,2,2026-01-01,30293,1875
1303,Томск,Якутск,16:00:00,191,3,2026-01-01,41295,2557
1304,Якутск,Томск,22:00:00,191,3,2026-01-01,33036,2557
1305,Томск,Якутск,11:00:00,191,1,2026-01-01,45425,2557
1306,Якутск,Томск,19:00:00,191,1,2026-01-01,45425,2557
1307,Томск,Хабаровск,19:00:00,256,2,2026-01-01,60666,3415
1308,Хабаровск,Томск,08:00:00,256,2,2026-01-01,60666,3415
1309,Томск,Владивосток,20:00:00,268,3,2026-01-01,57771,3577
1310,Владивосток,Томск,16:00:00,268,3,2026-01-01,57771,3577
1311,Томск,Южно-Сахалинск,13:00:00,298,3,2026-01-01,64191,3974
1312,Южно-Сахалинск,Томск,06:00:00,298,3,2026-01-01,57772,3974
1313,Томск,Сочи,18:00:00,259,3,2026-01-01,67160,3465
1314,Сочи,Томск,13:00:00,259,3,2026-01-01,55967,3465
1315,Томск,Краснодар,06:00:00,256,3,2026-01-01,49622,3414
1316,Краснодар,Томск,12:00:00,256,3,2026-01-01,55136,3414
1317,Томск,Ростов-на-Дону,18:00:00,241,1,2026-01-01,62272,3213
1318,Ростов-на-Дону,Томск,08:00:00,241,1,2026-01-01,57082,3213
1319,Томск,Ставрополь,09:00:00,241,1,2026-01-01,57125,3215
1320,Ставрополь,Томск,15:00:00,241,1,2026-01-01,51932,3215
1321,Томск,Минеральные Воды,08:00:00,241,3,2026-01-01,57174,3218
1322,Минеральные Воды,Томск,21:00:00,241,3,2026-01-01,46779,3218
1323,Томск,Махачкала,10:00:00,228,3,2026-01-01,59008,3044
1324,Махачкала,Томск,19:00:00,228,3,2026-01-01,54091,3044
1325,Томск,Грозный,10:00:00,233,3,2026-01-01,60461,3119
1326,Грозный,Томск,20:00:00,233,3,2026-01-01,50384,3119
1327,Томск,Калининград,11:00:00,293,3,2026-01-01,69414,3907
1328,Калининград,Томск,14:00:00,293,3,2026-01-01,63104,3907
1329,Томск,Архангельск,19:00:00,190,1,2026-01-01,45098,2538
1330,Архангельск,Томск,14:00:00,190,1,2026-01-01,40998,2538
1331,Томск,Архангельск,21:00:00,190,3,2026-01-01,36898,2538
1332,Архангельск,Томск,11:00:00,190,3,2026-01-01,45098,2538
1333,Томск,Мурманск,11:00:00,217,2,2026-01-01,51462,2897
1334,Мурманск,Томск,06:00:00,217,2,2026-01-01,42105,2897
1335,Томск,Мурманск,21:00:00,217,3,2026-01-01,42105,2897
1336,Мурманск,Томск,20:00:00,217,3,2026-01-01,46784,2897
1337,Томск,Сыктывкар,19:00:00,151,1,2026-01-01,35980,2025
1338,Сыктывкар,Томск,15:00:00,151,1,2026-01-01,32709,2025
1339,Кемерово,Иркутск,20:00:00,92,3,2026-01-01,19971,1236
1340,Иркутск,Кемерово,18:00:00,92,3,2026-01-01,23966,1236
1341,Кемерово,Улан-Удэ,18:00:00,109,1,2026-01-01,28190,1454
1342,Улан-Удэ,Кемерово,15:00:00,109,1,2026-01-01,23492,1454
1343,Кемерово,Чита,22:00:00,136,2,2026-01-01,23464,1816
1344,Чита,Кемерово,14:00:00,136,2,2026-01-01,29331,1816
1345,Кемерово,Якутск,17:00:00,193,1,2026-01-01,45817,2579
1346,Якутск,Кемерово,12:00:00,193,1,2026-01-01,41652,2579
1347,Кемерово,Якутск,08:00:00,193,1,2026-01-01,45817,2579
1348,Якутск,Кемерово,16:00:00,193,1,2026-01-01,41652,2579
1349,Кемерово,Хабаровск,09:00:00,253,3,2026-01-01,59959,3375
1350,Хабаровск,Кемерово,20:00:00,253,3,2026-01-01,54508,3375
1351,Кемерово,Владивосток,14:00:00,263,3,2026-01-01,56739,3513
1352,Владивосток,Кемерово,14:00:00,263,3,2026-01-01,56739,3513
1353,Кемерово,Южно-Сахалинск,11:00:00,295,3,2026-01-01,70019,3941
1354,Южно-Сахалинск,Кемерово,18:00:00,295,3,2026-01-01,76384,3941
1355,Кемерово,Сочи,08:00:00,263,2,2026-01-01,62419,3513
1356,Сочи,Кемерово,14:00:00,263,2,2026-01-01,56744,3513
1357,Кемерово,Краснодар,06:00:00,260,2,2026-01-01,50425,3469
1358,Краснодар,Кемерово,18:00:00,260,2,2026-01-01,67234,3469
1359,Кемерово,Ростов-на-Дону,12:00:00,245,3,2026-01-01,52886,3274
1360,Ростов-на-Дону,Кемерово,20:00:00,245,3,2026-01-01,52886,3274
1361,Кемерово,Ставрополь,15:00:00,244,3,2026-01-01,52734,3265
1362,Ставрополь,Кемерово,17:00:00,244,3,2026-01-01,58007,3265
1363,Кемерово,Минеральные Воды,19:00:00,244,3,2026-01-01,57965,3263
1364,Минеральные Воды,Кемерово,08:00:00,244,3,2026-01-01,57965,3263
1365,Кемерово,Махачкала,21:00:00,230,3,2026-01-01,44679,3074
1366,Махачкала,Кемерово,10:00:00,230,3,2026-01-01,59573,3074
1367,Кемерово,Грозный,15:00:00,236,3,2026-01-01,50963,3155
1368,Грозный,Кемерово,12:00:00,236,3,2026-01-01,50963,3155
1369,Кемерово,Калининград,19:00:00,300,3,2026-01-01,71282,4012
1370,Калининград,Кемерово,07:00:00,300,3,2026-01-01,61562,4012
1371,Кемерово,Архангельск,09:00:00,199,2,2026-01-01,47275,2661
1372,Архангельск,Кемерово,16:00:00,199,2,2026-01-01,42977,2661
1373,Кемерово,Архангельск,17:00:00,199,3,2026-01-01,47275,2661
1374,Архангельск,Кемерово,06:00:00,199,3,2026-01-01,38679,2661
1375,Кемерово,Мурманск,23:00:00,227,2,2026-01-01,34225,3027
1376,Мурманск,Кемерово,21:00:00,227,2,2026-01-01,44003,3027
1377,Кемерово,Сыктывкар,12:00:00,160,1,2026-01-01,34541,2138
1378,Сыктывкар,Кемерово,10:00:00,160,1,2026-01-01,41449,2138
1379,Кемерово,Сыктывкар,09:00:00,160,3,2026-01-01,37995,2138
1380,Сыктывкар,Кемерово,13:00:00,160,3,2026-01-01,34541,2138
1381,Барнаул,Красноярск,20:00:00,49,1,2026-01-01,10760,666
1382,Красноярск,Барнаул,23:00:00,49,1,2026-01-01,7532,666
1383,Барнаул,Красноярск,21:00:00,49,1,2026-01-01,9684,666
1384,Красноярск,Барнаул,16:00:00,49,1,2026-01-01,10760,666
1385,Барнаул,Красноярск,22:00:00,49,1,2026-01-01,8608,666
1386,Красноярск,Барнаул,17:00:00,49,1,2026-01-01,11836,666
1387,Барнаул,Иркутск,15:00:00,104,2,2026-01-01,22526,1394
1388,Иркутск,Барнаул,08:00:00,104,2,2026-01-01,24779,1394
1389,Барнаул,Улан-Удэ,17:00:00,121,2,2026-01-01,28709,1616
1390,Улан-Удэ,Барнаул,13:00:00,121,2,2026-01-01,26099,1616
1391,Барнаул,Чита,10:00:00,149,1,2026-01-01,38697,1996
1392,Чита,Барнаул,11:00:00,149,1,2026-01-01,35472,1996
1393,Барнаул,Чита,09:00:00,149,1,2026-01-01,35472,1996
1394,Чита,Барнаул,14:00:00,149,1,2026-01-01,32248,1996
1395,Барнаул,Якутск,06:00:00,212,2,2026-01-01,41268,2839
1396,Якутск,Барнаул,08:00:00,212,2,2026-01-01,50438,2839
1397,Барнаул,Хабаровск,08:00:00,268,3,2026-01-01,63549,3577
1398,Хабаровск,Барнаул,17:00:00,268,3,2026-01-01,63549,3577
1399,Барнаул,Владивосток,20:00:00,275,2,2026-01-01,59393,3677
1400,Владивосток,Барнаул,07:00:00,275,2,2026-01-01,56424,3677
1401,Барнаул,Южно-Сахалинск,06:00:00,311,2,2026-01-01,60331,4151
1402,Южно-Сахалинск,Барнаул,12:00:00,311,2,2026-01-01,67035,4151
1403,Барнаул,Сочи,19:00:00,250,3,2026-01-01,59338,3340
1404,Сочи,Барнаул,23:00:00,250,3,2026-01-01,37761,3340
1405,Барнаул,Краснодар,19:00:00,248,2,2026-01-01,58769,3308
1406,Краснодар,Барнаул,12:00:00,248,2,2026-01-01,53427,3308
1407,Барнаул,Ростов-на-Дону,22:00:00,234,3,2026-01-01,40384,3125
1408,Ростов-на-Дону,Барнаул,19:00:00,234,3,2026-01-01,55528,3125
1409,Барнаул,Ставрополь,18:00:00,232,2,2026-01-01,59985,3095
1410,Ставрополь,Барнаул,15:00:00,232,2,2026-01-01,49987,3095
1411,Барнаул,Минеральные Воды,07:00:00,231,3,2026-01-01,47323,3084
1412,Минеральные Воды,Барнаул,06:00:00,231,3,2026-01-01,44832,3084
1413,Барнаул,Махачкала,09:00:00,215,2,2026-01-01,51040,2873
1414,Махачкала,Барнаул,14:00:00,215,2,2026-01-01,46400,2873
1415,Барнаул,Махачкала,16:00:00,215,2,2026-01-01,46400,2873
1416,Махачкала,Барнаул,16:00:00,215,2,2026-01-01,46400,2873
1417,Барнаул,Грозный,18:00:00,222,2,2026-01-01,57445,2964
1418,Грозный,Барнаул,15:00:00,222,2,2026-01-01,47870,2964
1419,Барнаул,Грозный,06:00:00,222,1,2026-01-01,43083,2964
1420,Грозный,Барнаул,06:00:00,222,1,2026-01-01,43083,2964
1421,Барнаул,Калининград,20:00:00,297,3,2026-01-01,64026,3964
1422,Калининград,Барнаул,15:00:00,297,3,2026-01-01,64026,3964
1423,Барнаул,Архангельск,10:00:00,201,3,2026-01-01,51998,2683
1424,Архангельск,Барнаул,12:00:00,201,3,2026-01-01,43332,2683
1425,Барнаул,Архангельск,21:00:00,201,3,2026-01-01,38998,2683
1426,Архангельск,Барнаул,19:00:00,201,3,2026-01-01,47665,2683
1427,Барнаул,Мурманск,06:00:00,231,3,2026-01-01,44929,3091
1428,Мурманск,Барнаул,18:00:00,231,3,2026-01-01,59905,3091
1429,Барнаул,Сыктывкар,23:00:00,159,2,2026-01-01,24069,2129
1430,Сыктывкар,Барнаул,14:00:00,159,2,2026-01-01,34384,2129
1431,Барнаул,Сыктывкар,13:00:00,159,1,2026-01-01,34384,2129
1432,Сыктывкар,Барнаул,12:00:00,159,1,2026-01-01,34384,2129
1433,Красноярск,Иркутск,13:00:00,63,1,2026-01-01,13756,851
1434,Иркутск,Красноярск,17:00:00,63,1,2026-01-01,15132,851
1435,Красноярск,Иркутск,17:00:00,63,1,2026-01-01,15132,851
1436,Иркутск,Красноярск,19:00:00,63,1,2026-01-01,15132,851
1437,Красноярск,Улан-Удэ,10:00:00,79,1,2026-01-01,20555,1060
1438,Улан-Удэ,Красноярск,19:00:00,79,1,2026-01-01,18842,1060
1439,Красноярск,Улан-Удэ,18:00:00,79,3,2026-01-01,20555,1060
1440,Улан-Удэ,Красноярск,14:00:00,79,3,2026-01-01,17129,1060
1441,Красноярск,Чита,10:00:00,105,1,2026-01-01,27160,1401
1442,Чита,Красноярск,22:00:00,105,1,2026-01-01,18107,1401
1443,Красноярск,Чита,09:00:00,105,3,2026-01-01,24897,1401
1444,Чита,Красноярск,12:00:00,105,3,2026-01-01,22634,1401
1445,Красноярск,Якутск,08:00:00,163,2,2026-01-01,38766,2182
1446,Якутск,Красноярск,11:00:00,163,2,2026-01-01,38766,2182
1447,Красноярск,Якутск,13:00:00,163,1,2026-01-01,35242,2182
1448,Якутск,Красноярск,12:00:00,163,1,2026-01-01,35242,2182
1449,Красноярск,Хабаровск,21:00:00,221,2,2026-01-01,42828,2946
1450,Хабаровск,Красноярск,09:00:00,221,2,2026-01-01,52346,2946
1451,Красноярск,Хабаровск,06:00:00,221,1,2026-01-01,42828,2946
1452,Хабаровск,Красноярск,11:00:00,221,1,2026-01-01,52346,2946
1453,Красноярск,Владивосток,13:00:00,232,1,2026-01-01,50116,3103
1454,Владивосток,Красноярск,20:00:00,232,1,2026-01-01,50116,3103
1455,Красноярск,Южно-Сахалинск,10:00:00,263,3,2026-01-01,68044,3511
1456,Южно-Сахалинск,Красноярск,21:00:00,263,3,2026-01-01,51033,3511
1457,Красноярск,Сочи,18:00:00,295,3,2026-01-01,76297,3937
1458,Сочи,Красноярск,06:00:00,295,3,2026-01-01,57223,3937
1459,Красноярск,Краснодар,08:00:00,291,1,2026-01-01,69064,3887
1460,Краснодар,Красноярск,18:00:00,291,1,2026-01-01,75342,3887
1461,Красноярск,Ростов-на-Дону,23:00:00,276,3,2026-01-01,41688,3687
1462,Ростов-на-Дону,Красноярск,17:00:00,276,3,2026-01-01,65510,3687
1463,Красноярск,Ставрополь,06:00:00,276,3,2026-01-01,53599,3687
1464,Ставрополь,Красноярск,22:00:00,276,3,2026-01-01,47644,3687
1465,Красноярск,Минеральные Воды,22:00:00,276,3,2026-01-01,47651,3688
1466,Минеральные Воды,Красноярск,13:00:00,276,3,2026-01-01,59564,3688
1467,Красноярск,Махачкала,12:00:00,262,3,2026-01-01,56595,3504
1468,Махачкала,Красноярск,11:00:00,262,3,2026-01-01,62255,3504
1469,Красноярск,Грозный,18:00:00,268,3,2026-01-01,69467,3584
1470,Грозный,Красноярск,14:00:00,268,3,2026-01-01,57889,3584
1471,Красноярск,Калининград,06:00:00,325,3,2026-01-01,63161,4345
1472,Калининград,Красноярск,23:00:00,325,3,2026-01-01,49125,4345
1473,Красноярск,Архангельск,10:00:00,219,1,2026-01-01,56760,2928
1474,Архангельск,Красноярск,16:00:00,219,1,2026-01-01,47300,2928
1475,Красноярск,Архангельск,11:00:00,219,2,2026-01-01,52030,2928
1476,Архангельск,Красноярск,08:00:00,219,2,2026-01-01,52030,2928
1477,Красноярск,Мурманск,22:00:00,242,3,2026-01-01,41802,3235
1478,Мурманск,Красноярск,15:00:00,242,3,2026-01-01,52253,3235
1479,Красноярск,Сыктывкар,14:00:00,183,1,2026-01-01,39570,2450
1480,Сыктывкар,Красноярск,13:00:00,183,1,2026-01-01,39570,2450
1481,Иркутск,Чита,19:00:00,46,1,2026-01-01,10931,615
1482,Чита,Иркутск,16:00:00,46,1,2026-01-01,9937,615
1483,Иркутск,Чита,13:00:00,46,1,2026-01-01,9937,615
1484,Чита,Иркутск,15:00:00,46,1,2026-01-01,9937,615
1485,Иркутск,Чита,21:00:00,46,1,2026-01-01,8943,615
1486,Чита,Иркутск,13:00:00,46,1,2026-01-01,9937,615
1487,Иркутск,Якутск,22:00:00,139,2,2026-01-01,24090,1864
1488,Якутск,Иркутск,17:00:00,139,2,2026-01-01,33124,1864
1489,Иркутск,Якутск,09:00:00,139,2,2026-01-01,33124,1864
1490,Якутск,Иркутск,11:00:00,139,2,2026-01-01,33124,1864
1491,Иркутск,Хабаровск,19:00:00,165,1,2026-01-01,39287,2211
1492,Хабаровск,Иркутск,18:00:00,165,1,2026-01-01,42858,2211
1493,Иркутск,Владивосток,08:00:00,171,3,2026-01-01,40565,2283
1494,Владивосток,Иркутск,14:00:00,171,3,2026-01-01,36877,2283
1495,Иркутск,Южно-Сахалинск,13:00:00,209,1,2026-01-01,45152,2796
1496,Южно-Сахалинск,Иркутск,21:00:00,209,1,2026-01-01,40637,2796
1497,Иркутск,Сочи,08:00:00,355,3,2026-01-01,84106,4734
1498,Сочи,Иркутск,16:00:00,355,3,2026-01-01,76460,4734
1499,Иркутск,Краснодар,09:00:00,352,3,2026-01-01,83466,4698
1500,Краснодар,Иркутск,10:00:00,352,3,2026-01-01,91054,4698
1501,Иркутск,Ростов-на-Дону,11:00:00,338,3,2026-01-01,80097,4508
1502,Ростов-на-Дону,Иркутск,21:00:00,338,3,2026-01-01,65534,4508
1503,Иркутск,Ставрополь,22:00:00,336,3,2026-01-01,57992,4488
1504,Ставрополь,Иркутск,15:00:00,336,3,2026-01-01,72490,4488
1505,Иркутск,Минеральные Воды,07:00:00,335,2,2026-01-01,68722,4479
1506,Минеральные Воды,Иркутск,20:00:00,335,2,2026-01-01,72339,4479
1507,Иркутск,Махачкала,09:00:00,319,2,2026-01-01,75722,4262
1508,Махачкала,Иркутск,14:00:00,319,2,2026-01-01,68839,4262
1509,Иркутск,Грозный,07:00:00,326,3,2026-01-01,66855,4357
1510,Грозный,Иркутск,18:00:00,326,3,2026-01-01,84448,4357
1511,Иркутск,Калининград,18:00:00,389,1,2026-01-01,100664,5194
1512,Калининград,Иркутск,14:00:00,389,1,2026-01-01,83886,5194
1513,Иркутск,Архангельск,23:00:00,281,3,2026-01-01,42450,3755
1514,Архангельск,Иркутск,12:00:00,281,3,2026-01-01,60644,3755
1515,Иркутск,Мурманск,09:00:00,301,2,2026-01-01,71419,4020
1516,Мурманск,Иркутск,16:00:00,301,2,2026-01-01,64927,4020
1517,Иркутск,Сыктывкар,18:00:00,247,3,2026-01-01,63881,3296
1518,Сыктывкар,Иркутск,10:00:00,247,3,2026-01-01,63881,3296
1519,Улан-Удэ,Якутск,15:00:00,131,3,2026-01-01,28370,1756
1520,Якутск,Улан-Удэ,06:00:00,131,3,2026-01-01,25533,1756
1521,Улан-Удэ,Якутск,18:00:00,131,3,2026-01-01,34044,1756
1522,Якутск,Улан-Удэ,06:00:00,131,3,2026-01-01,25533,1756
1523,Улан-Удэ,Хабаровск,22:00:00,149,3,2026-01-01,25803,1997
1524,Хабаровск,Улан-Удэ,21:00:00,149,3,2026-01-01,29028,1997
1525,Улан-Удэ,Владивосток,17:00:00,154,1,2026-01-01,36641,2062
1526,Владивосток,Улан-Удэ,18:00:00,154,1,2026-01-01,39972,2062
1527,Улан-Удэ,Южно-Сахалинск,18:00:00,193,3,2026-01-01,50061,2583
1528,Южно-Сахалинск,Улан-Удэ,17:00:00,193,3,2026-01-01,45889,2583
1529,Улан-Удэ,Сочи,18:00:00,371,3,2026-01-01,96036,4955
1530,Сочи,Улан-Удэ,10:00:00,371,3,2026-01-01,96036,4955
1531,Улан-Удэ,Краснодар,19:00:00,368,2,2026-01-01,87382,4919
1532,Краснодар,Улан-Удэ,15:00:00,368,2,2026-01-01,79438,4919
1533,Улан-Удэ,Ростов-на-Дону,19:00:00,354,2,2026-01-01,83996,4728
1534,Ростов-на-Дону,Улан-Удэ,19:00:00,354,2,2026-01-01,83996,4728
1535,Улан-Удэ,Ставрополь,18:00:00,353,2,2026-01-01,91269,4709
1536,Ставрополь,Улан-Удэ,19:00:00,353,2,2026-01-01,83663,4709
1537,Улан-Удэ,Минеральные Воды,13:00:00,352,3,2026-01-01,75911,4700
1538,Минеральные Воды,Улан-Удэ,17:00:00,352,3,2026-01-01,83502,4700
1539,Улан-Удэ,Махачкала,06:00:00,336,1,2026-01-01,65166,4483
1540,Махачкала,Улан-Удэ,07:00:00,336,1,2026-01-01,68787,4483
1541,Улан-Удэ,Грозный,06:00:00,343,3,2026-01-01,66552,4579
1542,Грозный,Улан-Удэ,23:00:00,343,3,2026-01-01,51762,4579
1543,Улан-Удэ,Калининград,13:00:00,404,2,2026-01-01,87106,5393
1544,Калининград,Улан-Удэ,14:00:00,404,2,2026-01-01,87106,5393
1545,Улан-Удэ,Архангельск,06:00:00,295,3,2026-01-01,57265,3940
1546,Архангельск,Улан-Удэ,11:00:00,295,3,2026-01-01,69991,3940
1547,Улан-Удэ,Мурманск,16:00:00,313,3,2026-01-01,67607,4186
1548,Мурманск,Улан-Удэ,20:00:00,313,3,2026-01-01,67607,4186
1549,Улан-Удэ,Сыктывкар,08:00:00,262,3,2026-01-01,62071,3494
1550,Сыктывкар,Улан-Удэ,09:00:00,262,3,2026-01-01,62071,3494
1551,Чита,Якутск,20:00:00,111,2,2026-01-01,24053,1489
1552,Якутск,Чита,14:00:00,111,2,2026-01-01,24053,1489
1553,Чита,Якутск,22:00:00,111,1,2026-01-01,19243,1489
1554,Якутск,Чита,06:00:00,111,1,2026-01-01,21648,1489
1555,Чита,Хабаровск,10:00:00,119,3,2026-01-01,30934,1596
1556,Хабаровск,Чита,17:00:00,119,3,2026-01-01,28356,1596
1557,Чита,Хабаровск,12:00:00,119,3,2026-01-01,25778,1596
1558,Хабаровск,Чита,16:00:00,119,3,2026-01-01,25778,1596
1559,Чита,Владивосток,14:00:00,127,3,2026-01-01,27488,1702
1560,Владивосток,Чита,09:00:00,127,3,2026-01-01,30237,1702
1561,Чита,Владивосток,11:00:00,127,3,2026-01-01,30237,1702
1562,Владивосток,Чита,15:00:00,127,3,2026-01-01,27488,1702
1563,Чита,Южно-Сахалинск,15:00:00,163,2,2026-01-01,35224,2181
1564,Южно-Сахалинск,Чита,12:00:00,163,2,2026-01-01,35224,2181
1565,Чита,Южно-Сахалинск,17:00:00,163,1,2026-01-01,38747,2181
1566,Южно-Сахалинск,Чита,14:00:00,163,1,2026-01-01,35224,2181
1567,Чита,Сочи,22:00:00,399,3,2026-01-01,68845,5328
1568,Сочи,Чита,17:00:00,399,3,2026-01-01,94662,5328
1569,Чита,Краснодар,12:00:00,396,3,2026-01-01,85358,5285
1570,Краснодар,Чита,13:00:00,396,3,2026-01-01,85358,5285
1571,Чита,Ростов-на-Дону,12:00:00,381,3,2026-01-01,82175,5088
1572,Ростов-на-Дону,Чита,22:00:00,381,3,2026-01-01,65740,5088
1573,Чита,Ставрополь,21:00:00,381,3,2026-01-01,73850,5081
1574,Ставрополь,Чита,06:00:00,381,3,2026-01-01,73850,5081
1575,Чита,Минеральные Воды,08:00:00,380,3,2026-01-01,90176,5076
1576,Минеральные Воды,Чита,13:00:00,380,3,2026-01-01,81978,5076
1577,Чита,Махачкала,12:00:00,365,3,2026-01-01,78640,4869
1578,Махачкала,Чита,06:00:00,365,3,2026-01-01,70776,4869
1579,Чита,Грозный,21:00:00,372,3,2026-01-01,72102,4960
1580,Грозный,Чита,09:00:00,372,3,2026-01-01,88124,4960
1581,Чита,Калининград,11:00:00,426,2,2026-01-01,100914,5680
1582,Калининград,Чита,08:00:00,426,2,2026-01-01,100914,5680
1583,Чита,Архангельск,09:00:00,314,1,2026-01-01,74496,4193
1584,Архангельск,Чита,20:00:00,314,1,2026-01-01,67724,4193
1585,Чита,Мурманск,07:00:00,329,3,2026-01-01,67418,4394
1586,Мурманск,Чита,21:00:00,329,3,2026-01-01,63869,4394
1587,Чита,Сыктывкар,12:00:00,283,1,2026-01-01,61091,3782
1588,Сыктывкар,Чита,13:00:00,283,1,2026-01-01,61091,3782
1589,Якутск,Хабаровск,10:00:00,115,1,2026-01-01,29953,1545
1590,Хабаровск,Якутск,21:00:00,115,1,2026-01-01,22464,1545
1591,Якутск,Хабаровск,13:00:00,115,3,2026-01-01,24961,1545
1592,Хабаровск,Якутск,12:00:00,115,3,2026-01-01,24961,1545
1593,Якутск,Владивосток,20:00:00,158,3,2026-01-01,34152,2114
1594,Владивосток,Якутск,23:00:00,158,3,2026-01-01,23906,2114
1595,Якутск,Владивосток,10:00:00,158,2,2026-01-01,40983,2114
1596,Владивосток,Якутск,19:00:00,158,2,2026-01-01,37567,2114
1597,Якутск,Южно-Сахалинск,22:00:00,140,3,2026-01-01,24171,1870
1598,Южно-Сахалинск,Якутск,14:00:00,140,3,2026-01-01,30214,1870
1599,Якутск,Сочи,16:00:00,437,3,2026-01-01,94263,5837
1600,Сочи,Якутск,19:00:00,437,3,2026-01-01,103689,5837
1601,Якутск,Краснодар,18:00:00,430,3,2026-01-01,111271,5741
1602,Краснодар,Якутск,20:00:00,430,3,2026-01-01,92725,5741
1603,Якутск,Ростов-на-Дону,09:00:00,412,3,2026-01-01,97800,5505
1604,Ростов-на-Дону,Якутск,21:00:00,412,3,2026-01-01,80018,5505
1605,Якутск,Ставрополь,13:00:00,418,1,2026-01-01,90216,5586
1606,Ставрополь,Якутск,08:00:00,418,1,2026-01-01,99238,5586
1607,Якутск,Минеральные Воды,09:00:00,421,3,2026-01-01,99800,5618
1608,Минеральные Воды,Якутск,09:00:00,421,3,2026-01-01,99800,5618
1609,Якутск,Махачкала,13:00:00,413,2,2026-01-01,89123,5518
1610,Махачкала,Якутск,19:00:00,413,2,2026-01-01,98036,5518
1611,Якутск,Грозный,23:00:00,417,3,2026-01-01,62906,5564
1612,Грозный,Якутск,10:00:00,417,3,2026-01-01,107839,5564
1613,Якутск,Калининград,08:00:00,422,3,2026-01-01,99983,5628
1614,Калининград,Якутск,08:00:00,422,3,2026-01-01,99983,5628
1615,Якутск,Архангельск,11:00:00,306,3,2026-01-01,72525,4082
1616,Архангельск,Якутск,09:00:00,306,3,2026-01-01,72525,4082
1617,Якутск,Мурманск,17:00:00,305,3,2026-01-01,72241,4066
1618,Мурманск,Якутск,09:00:00,305,3,2026-01-01,72241,4066
1619,Якутск,Сыктывкар,23:00:00,290,3,2026-01-01,43838,3878
1620,Сыктывкар,Якутск,15:00:00,290,3,2026-01-01,62626,3878
1621,Хабаровск,Владивосток,14:00:00,49,1,2026-01-01,10558,653
1622,Владивосток,Хабаровск,09:00:00,49,1,2026-01-01,11613,653
1623,Хабаровск,Владивосток,06:00:00,49,1,2026-01-01,9502,653
1624,Владивосток,Хабаровск,13:00:00,49,1,2026-01-01,10558,653
1625,Хабаровск,Сочи,22:00:00,515,3,2026-01-01,88882,6879
1626,Сочи,Хабаровск,13:00:00,515,3,2026-01-01,111103,6879
1627,Хабаровск,Краснодар,23:00:00,511,2,2026-01-01,77118,6821
1628,Краснодар,Хабаровск,23:00:00,511,2,2026-01-01,77118,6821
1629,Хабаровск,Ростов-на-Дону,07:00:00,495,3,2026-01-01,101425,6611
1630,Ростов-на-Дону,Хабаровск,23:00:00,495,3,2026-01-01,74734,6611
1631,Хабаровск,Ставрополь,14:00:00,497,3,2026-01-01,107058,6629
1632,Ставрополь,Хабаровск,21:00:00,497,3,2026-01-01,96352,6629
1633,Хабаровск,Минеральные Воды,08:00:00,497,2,2026-01-01,117841,6633
1634,Минеральные Воды,Хабаровск,11:00:00,497,2,2026-01-01,117841,6633
1635,Хабаровск,Махачкала,22:00:00,483,2,2026-01-01,83300,6447
1636,Махачкала,Хабаровск,08:00:00,483,2,2026-01-01,114537,6447
1637,Хабаровск,Грозный,21:00:00,489,2,2026-01-01,94924,6531
1638,Грозный,Хабаровск,14:00:00,489,2,2026-01-01,105471,6531
1639,Хабаровск,Калининград,21:00:00,525,3,2026-01-01,101773,7002
1640,Калининград,Хабаровск,09:00:00,525,3,2026-01-01,124389,7002
1641,Хабаровск,Архангельск,14:00:00,409,3,2026-01-01,88175,5460
1642,Архангельск,Хабаровск,13:00:00,409,3,2026-01-01,88175,5460
1643,Хабаровск,Мурманск,11:00:00,414,3,2026-01-01,98161,5525
1644,Мурманск,Хабаровск,20:00:00,414,3,2026-01-01,89238,5525
1645,Хабаровск,Сыктывкар,21:00:00,386,3,2026-01-01,74890,5152
1646,Сыктывкар,Хабаровск,11:00:00,386,3,2026-01-01,91532,5152
1647,Владивосток,Южно-Сахалинск,23:00:00,71,2,2026-01-01,10752,951
1648,Южно-Сахалинск,Владивосток,08:00:00,71,2,2026-01-01,16896,951
1649,Владивосток,Южно-Сахалинск,07:00:00,71,1,2026-01-01,14592,951
1650,Южно-Сахалинск,Владивосток,06:00:00,71,1,2026-01-01,13824,951
1651,Владивосток,Южно-Сахалинск,19:00:00,71,1,2026-01-01,16896,951
1652,Южно-Сахалинск,Владивосток,10:00:00,71,1,2026-01-01,18432,951
1653,Владивосток,Сочи,22:00:00,526,3,2026-01-01,90669,7018
1654,Сочи,Владивосток,15:00:00,526,3,2026-01-01,113336,7018
1655,Владивосток,Краснодар,18:00:00,523,3,2026-01-01,135291,6981
1656,Краснодар,Владивосток,09:00:00,523,3,2026-01-01,124016,6981
1657,Владивосток,Ростов-на-Дону,21:00:00,509,2,2026-01-01,98660,6788
1658,Ростов-на-Дону,Владивосток,23:00:00,509,2,2026-01-01,76736,6788
1659,Владивосток,Ставрополь,09:00:00,507,3,2026-01-01,120304,6772
1660,Ставрополь,Владивосток,11:00:00,507,3,2026-01-01,120304,6772
1661,Владивосток,Минеральные Воды,06:00:00,507,3,2026-01-01,98285,6762
1662,Минеральные Воды,Владивосток,10:00:00,507,3,2026-01-01,131047,6762
1663,Владивосток,Махачкала,12:00:00,490,3,2026-01-01,105551,6536
1664,Махачкала,Владивосток,11:00:00,490,3,2026-01-01,116106,6536
1665,Владивосток,Грозный,11:00:00,497,1,2026-01-01,117890,6636
1666,Грозный,Владивосток,11:00:00,497,1,2026-01-01,117890,6636
1667,Владивосток,Калининград,10:00:00,550,2,2026-01-01,142231,7339
1668,Калининград,Владивосток,23:00:00,550,2,2026-01-01,82968,7339
1669,Владивосток,Архангельск,11:00:00,436,3,2026-01-01,103379,5819
1670,Архангельск,Владивосток,23:00:00,436,3,2026-01-01,65787,5819
1671,Владивосток,Мурманск,08:00:00,445,2,2026-01-01,105625,5946
1672,Мурманск,Владивосток,15:00:00,445,2,2026-01-01,96022,5946
1673,Владивосток,Сыктывкар,11:00:00,409,3,2026-01-01,96876,5453
1674,Сыктывкар,Владивосток,08:00:00,409,3,2026-01-01,96876,5453
1675,Южно-Сахалинск,Сочи,23:00:00,557,2,2026-01-01,84027,7433
1676,Сочи,Южно-Сахалинск,19:00:00,557,2,2026-01-01,132043,7433
1677,Южно-Сахалинск,Краснодар,10:00:00,552,3,2026-01-01,142794,7368
1678,Краснодар,Южно-Сахалинск,20:00:00,552,3,2026-01-01,118995,7368
1679,Южно-Сахалинск,Ростов-на-Дону,17:00:00,536,3,2026-01-01,127049,7152
1680,Ростов-на-Дону,Южно-Сахалинск,13:00:00,536,3,2026-01-01,115499,7152
1681,Южно-Сахалинск,Ставрополь,16:00:00,538,1,2026-01-01,115980,7181
1682,Ставрополь,Южно-Сахалинск,18:00:00,538,1,2026-01-01,139176,7181
1683,Южно-Сахалинск,Минеральные Воды,22:00:00,539,2,2026-01-01,92897,7190
1684,Минеральные Воды,Южно-Сахалинск,12:00:00,539,2,2026-01-01,116121,7190
1685,Южно-Сахалинск,Махачкала,12:00:00,526,1,2026-01-01,113298,7015
1686,Махачкала,Южно-Сахалинск,23:00:00,526,1,2026-01-01,79308,7015
1687,Южно-Сахалинск,Грозный,08:00:00,532,2,2026-01-01,126030,7094
1688,Грозный,Южно-Сахалинск,08:00:00,532,2,2026-01-01,126030,7094
1689,Южно-Сахалинск,Калининград,21:00:00,559,3,2026-01-01,108442,7461
1690,Калининград,Южно-Сахалинск,15:00:00,559,3,2026-01-01,120491,7461
1691,Южно-Сахалинск,Архангельск,21:00:00,443,3,2026-01-01,85942,5913
1692,Архангельск,Южно-Сахалинск,20:00:00,443,3,2026-01-01,95492,5913
1693,Южно-Сахалинск,Мурманск,18:00:00,444,2,2026-01-01,114957,5932
1694,Мурманск,Южно-Сахалинск,11:00:00,444,2,2026-01-01,105377,5932
1695,Южно-Сахалинск,Сыктывкар,17:00:00,423,1,2026-01-01,100262,5644
1696,Сыктывкар,Южно-Сахалинск,07:00:00,423,1,2026-01-01,86590,5644
1697,Сочи,Махачкала,17:00:00,47,1,2026-01-01,11159,628
1698,Махачкала,Сочи,15:00:00,47,1,2026-01-01,10144,628
1699,Сочи,Махачкала,15:00:00,47,1,2026-01-01,10144,628
1700,Махачкала,Сочи,19:00:00,47,1,2026-01-01,11159,628
1701,Сочи,Калининград,06:00:00,141,2,2026-01-01,27408,1885
1702,Калининград,Сочи,09:00:00,141,2,2026-01-01,33499,1885
1703,Сочи,Калининград,22:00:00,141,1,2026-01-01,24363,1885
1704,Калининград,Сочи,13:00:00,141,1,2026-01-01,30454,1885
1705,Сочи,Архангельск,10:00:00,176,1,2026-01-01,45585,2352
1706,Архангельск,Сочи,22:00:00,176,1,2026-01-01,30390,2352
1707,Сочи,Мурманск,15:00:00,213,3,2026-01-01,45985,2847
1708,Мурманск,Сочи,16:00:00,213,3,2026-01-01,45985,2847
1709,Сочи,Сыктывкар,07:00:00,160,1,2026-01-01,32930,2146
1710,Сыктывкар,Сочи,18:00:00,160,1,2026-01-01,41596,2146
1711,Краснодар,Махачкала,23:00:00,55,2,2026-01-01,8335,737
1712,Махачкала,Краснодар,14:00:00,55,2,2026-01-01,11907,737
1713,Краснодар,Махачкала,09:00:00,55,1,2026-01-01,13098,737
1714,Махачкала,Краснодар,08:00:00,55,1,2026-01-01,13098,737
1715,Краснодар,Махачкала,22:00:00,55,1,2026-01-01,9526,737
1716,Махачкала,Краснодар,19:00:00,55,1,2026-01-01,13098,737
1717,Краснодар,Калининград,23:00:00,127,3,2026-01-01,19243,1702
1718,Калининград,Краснодар,07:00:00,127,3,2026-01-01,26115,1702
1719,Краснодар,Архангельск,12:00:00,163,3,2026-01-01,35176,2178
1720,Архангельск,Краснодар,21:00:00,163,3,2026-01-01,31659,2178
1721,Краснодар,Архангельск,21:00:00,163,2,2026-01-01,31659,2178
1722,Архангельск,Краснодар,07:00:00,163,2,2026-01-01,33417,2178
1723,Краснодар,Мурманск,12:00:00,199,2,2026-01-01,43025,2664
1724,Мурманск,Краснодар,19:00:00,199,2,2026-01-01,47327,2664
1725,Краснодар,Сыктывкар,07:00:00,150,3,2026-01-01,30699,2001
1726,Сыктывкар,Краснодар,16:00:00,150,3,2026-01-01,32315,2001
1727,Ростов-на-Дону,Махачкала,17:00:00,59,1,2026-01-01,14007,788
1728,Махачкала,Ростов-на-Дону,21:00:00,59,1,2026-01-01,11460,788
1729,Ростов-на-Дону,Махачкала,14:00:00,59,1,2026-01-01,12734,788
1730,Махачкала,Ростов-на-Дону,17:00:00,59,1,2026-01-01,14007,788
1731,Ростов-на-Дону,Махачкала,15:00:00,59,1,2026-01-01,12734,788
1732,Махачкала,Ростов-на-Дону,11:00:00,59,1,2026-01-01,14007,788
1733,Ростов-на-Дону,Грозный,08:00:00,47,1,2026-01-01,11180,629
1734,Грозный,Ростов-на-Дону,11:00:00,47,1,2026-01-01,11180,629
1735,Ростов-на-Дону,Грозный,13:00:00,47,1,2026-01-01,10164,629
1736,Грозный,Ростов-на-Дону,12:00:00,47,1,2026-01-01,10164,629
1737,Ростов-на-Дону,Грозный,11:00:00,47,1,2026-01-01,11180,629
1738,Грозный,Ростов-на-Дону,22:00:00,47,1,2026-01-01,8131,629
1739,Ростов-на-Дону,Калининград,06:00:00,118,2,2026-01-01,22976,1580
1740,Калининград,Ростов-на-Дону,17:00:00,118,2,2026-01-01,28082,1580
1741,Ростов-на-Дону,Архангельск,06:00:00,144,2,2026-01-01,28037,1929
1742,Архангельск,Ростов-на-Дону,19:00:00,144,2,2026-01-01,34267,1929
1743,Ростов-на-Дону,Мурманск,09:00:00,181,2,2026-01-01,43086,2425
1744,Мурманск,Ростов-на-Дону,19:00:00,181,2,2026-01-01,43086,2425
1745,Ростов-на-Дону,Сыктывкар,09:00:00,130,1,2026-01-01,31015,1745
1746,Сыктывкар,Ростов-на-Дону,17:00:00,130,1,2026-01-01,31015,1745
1747,Ростов-на-Дону,Сыктывкар,13:00:00,130,2,2026-01-01,28196,1745
1748,Сыктывкар,Ростов-на-Дону,19:00:00,130,2,2026-01-01,31015,1745
1749,Ставрополь,Калининград,22:00:00,140,1,2026-01-01,24177,1871
1750,Калининград,Ставрополь,13:00:00,140,1,2026-01-01,30221,1871
1751,Ставрополь,Архангельск,09:00:00,162,2,2026-01-01,38530,2168
1752,Архангельск,Ставрополь,16:00:00,162,2,2026-01-01,35027,2168
1753,Ставрополь,Мурманск,11:00:00,201,1,2026-01-01,47709,2685
1754,Мурманск,Ставрополь,06:00:00,201,1,2026-01-01,39034,2685
1755,Ставрополь,Сыктывкар,18:00:00,144,2,2026-01-01,37284,1923
1756,Сыктывкар,Ставрополь,17:00:00,144,2,2026-01-01,34177,1923
1757,Минеральные Воды,Калининград,17:00:00,149,1,2026-01-01,35434,1994
1758,Калининград,Минеральные Воды,19:00:00,149,1,2026-01-01,35434,1994
1759,Минеральные Воды,Архангельск,11:00:00,170,1,2026-01-01,40330,2270
1760,Архангельск,Минеральные Воды,12:00:00,170,1,2026-01-01,36664,2270
1761,Минеральные Воды,Мурманск,18:00:00,209,1,2026-01-01,54150,2794
1762,Мурманск,Минеральные Воды,09:00:00,209,1,2026-01-01,49638,2794
1763,Минеральные Воды,Мурманск,15:00:00,209,1,2026-01-01,45125,2794
1764,Мурманск,Минеральные Воды,18:00:00,209,1,2026-01-01,54150,2794
1765,Минеральные Воды,Сыктывкар,19:00:00,150,2,2026-01-01,35572,2002
1766,Сыктывкар,Минеральные Воды,06:00:00,150,2,2026-01-01,29104,2002
1767,Минеральные Воды,Сыктывкар,23:00:00,150,2,2026-01-01,22637,2002
1768,Сыктывкар,Минеральные Воды,21:00:00,150,2,2026-01-01,29104,2002
1769,Махачкала,Калининград,16:00:00,177,2,2026-01-01,38246,2368
1770,Калининград,Махачкала,19:00:00,177,2,2026-01-01,42070,2368
1771,Махачкала,Архангельск,20:00:00,184,1,2026-01-01,39749,2461
1772,Архангельск,Махачкала,08:00:00,184,1,2026-01-01,43724,2461
1773,Махачкала,Мурманск,07:00:00,226,3,2026-01-01,46247,3014
1774,Мурманск,Махачкала,08:00:00,226,3,2026-01-01,53549,3014
1775,Махачкала,Сыктывкар,21:00:00,157,3,2026-01-01,30586,2104
1776,Сыктывкар,Махачкала,18:00:00,157,3,2026-01-01,40782,2104
1777,Грозный,Калининград,22:00:00,165,2,2026-01-01,28553,2210
1778,Калининград,Грозный,11:00:00,165,2,2026-01-01,39260,2210
1779,Грозный,Калининград,18:00:00,165,1,2026-01-01,42829,2210
1780,Калининград,Грозный,22:00:00,165,1,2026-01-01,28553,2210
1781,Грозный,Архангельск,07:00:00,178,3,2026-01-01,36502,2379
1782,Архангельск,Грозный,14:00:00,178,3,2026-01-01,38423,2379
1783,Грозный,Мурманск,15:00:00,219,1,2026-01-01,47178,2921
1784,Мурманск,Грозный,08:00:00,219,1,2026-01-01,51895,2921
1785,Грозный,Сыктывкар,21:00:00,154,2,2026-01-01,29917,2058
1786,Сыктывкар,Грозный,08:00:00,154,2,2026-01-01,36565,2058
1787,Калининград,Архангельск,13:00:00,116,3,2026-01-01,25004,1548
1788,Архангельск,Калининград,07:00:00,116,3,2026-01-01,23754,1548
1789,Калининград,Мурманск,16:00:00,124,1,2026-01-01,26873,1664
1790,Мурманск,Калининград,22:00:00,124,1,2026-01-01,21498,1664
1791,Калининград,Мурманск,14:00:00,124,2,2026-01-01,26873,1664
1792,Мурманск,Калининград,15:00:00,124,2,2026-01-01,26873,1664
1793,Калининград,Сыктывкар,14:00:00,142,3,2026-01-01,30684,1900
1794,Сыктывкар,Калининград,21:00:00,142,3,2026-01-01,27615,1900
1795,Архангельск,Сыктывкар,16:00:00,45,1,2026-01-01,9766,604
1796,Сыктывкар,Архангельск,06:00:00,45,1,2026-01-01,8790,604
1797,Архангельск,Сыктывкар,14:00:00,45,1,2026-01-01,9766,604
1798,Сыктывкар,Архангельск,07:00:00,45,1,2026-01-01,9278,604
1799,Архангельск,Сыктывкар,21:00:00,45,1,2026-01-01,8790,604
1800,Сыктывкар,Архангельск,17:00:00,45,1,2026-01-01,10743,604
1801,Архангельск,Сыктывкар,10:00:00,45,1,2026-01-01,11720,604
1802,Сыктывкар,Архангельск,07:00:00,45,1,2026-01-01,9278,604
1803,Мурманск,Сыктывкар,15:00:00,86,3,2026-01-01,18569,1149
1804,Сыктывкар,Мурманск,21:00:00,86,3,2026-01-01,16712,1149
